w_90f5d3b,0
w_6bea436,1
w_13f8407,2
w_32a920b,3
w_19e5482,4
w_f843a8d,5
w_1fa0ee5,6
w_6f580eb,7
w_affdf5d,8
w_af9a47a,9
w_293b5e4,10
w_52c8684,11
w_960b6f0,12
w_01f8a43,13
w_d9adb4f,14
w_e3b236d,15
w_35c5d43,16
w_abc2eda,17
w_25e2bc9,18
w_d314904,19
w_c06dd6e,20
w_90201e3,21
w_41ec10a,22
w_23d3b1c,23
w_82ec5f0,24
w_3b483d3,25
w_2039053,26
w_479cb36,27
w_17a0832,28
w_7484196,29
w_b7a3e0a,30
w_2fd73d9,31
w_1606afc,32
w_91f80eb,33
w_98baff9,34
w_d67071c,35
w_2ceab05,36
w_96b697f,37
w_aeaeeb5,38
w_9e7cada,39
w_e84ca75,40
w_fdcdc2a,41
w_ca813c2,42
w_898eb3b,43
w_4e85c68,44
w_4c9d3df,45
w_9329807,46
w_740dfd4,47
w_17ee910,48
w_3f91e04,49
w_1d53d9c,50
w_ba4cd1a,51
w_7351f46,52
w_0b4bd89,53
w_bb6afc8,54
w_a31aa30,55
w_0471bdf,56
w_ff94ad6,57
w_8e93d0e,58
w_699be3a,59
w_b318111,60
w_788b689,61
w_49f3a91,62
w_5436d75,63
w_ca6a771,64
w_38efc2d,65
w_8533569,66
w_ce425e5,67
w_f7fed13,68
w_f2e9eb1,69
w_e9ac2a8,70
w_e6ced04,71
w_34c4927,72
w_5cef366,73
w_7b1eaa6,74
w_5b45503,75
w_3f754d6,76
w_186bcab,77
w_0ead9d7,78
w_5619521,79
w_d8f848c,80
w_8c1dab2,81
w_272259b,82
w_c87c10b,83
w_f8cf8ca,84
w_15b9665,85
w_f0f56dc,86
w_f3f84d7,87
w_d6f3d24,88
w_f1b565a,89
w_c0bb183,90
w_6a2c07f,91
w_7ab1759,92
w_03f060f,93
w_26f9f95,94
w_2cde7c0,95
w_c6fceea,96
w_6572bbe,97
w_fc67b72,98
w_89e451c,99
w_25a38b8,100
w_15db29f,101
w_af5d11a,102
w_c26f6db,103
w_39f2064,104
w_9a2d56b,105
w_0f9166e,106
w_f51b4bc,107
w_4684a3f,108
w_9269ec6,109
w_e63fbbe,110
w_9434f0c,111
w_9f718e8,112
w_410fb0a,113
w_c17a537,114
w_ebc5837,115
w_4a35b7b,116
w_8d300c3,117
w_9b6b87d,118
w_e94a3b2,119
w_4a17405,120
w_3172910,121
w_6b82ccc,122
w_3f904cf,123
w_1014df7,124
w_b64126b,125
w_79185c2,126
w_1e68ef5,127
w_a01d903,128
w_e613f12,129
w_4a0c105,130
w_430849b,131
w_773509f,132
w_d22af00,133
w_5dfafa5,134
w_b6689cc,135
w_3aa2073,136
w_0dbfc31,137
w_6f2c662,138
w_f188f95,139
w_d4b90bf,140
w_f803b29,141
w_efbb71a,142
w_060d2c8,143
w_c87b956,144
w_b5d8846,145
w_9122179,146
w_39043c9,147
w_187e235,148
w_9605bf1,149
w_269b090,150
w_d59cb45,151
w_ca0ec7c,152
w_8691e58,153
w_40323ac,154
w_48f649e,155
w_9b67e87,156
w_73c9ba2,157
w_f3e3ca8,158
w_e147c40,159
w_3a94311,160
w_c708776,161
w_e3b2cfa,162
w_e840e4d,163
w_23dce10,164
w_95dd5d2,165
w_5b5a85d,166
w_4953ce7,167
w_010a1fa,168
w_449e238,169
w_50eb157,170
w_6232813,171
w_e158680,172
w_4225bb3,173
w_0408054,174
w_b1a4f29,175
w_5eda687,176
w_a22f338,177
w_75378d3,178
w_eb44149,179
w_ec95acb,180
w_985877e,181
w_4fa1bd5,182
w_e126028,183
w_1609b19,184
w_ca13d58,185
w_60759c2,186
w_e082823,187
w_d417748,188
w_de5b417,189
w_3c304db,190
w_4981cba,191
w_d3ed80e,192
w_e214820,193
w_5f0960c,194
w_58087ce,195
w_d47e2e3,196
w_60eba40,197
w_f022f78,198
w_06e47e3,199
w_0a58a06,200
w_50a6e73,201
w_9dcf002,202
w_79f5620,203
w_be0fefb,204
w_0caa554,205
w_9caed77,206
w_bcb0696,207
w_8b5885d,208
w_b83b069,209
w_2bba8c8,210
w_dd90e0a,211
w_6cec53c,212
w_d428980,213
w_3bf56d4,214
w_8eceeb8,215
w_f71bac2,216
w_89973e5,217
w_afd55ad,218
w_addcafa,219
w_0175a35,220
w_4072313,221
w_01c2cb0,222
w_3b5403b,223
w_0e7cb1c,224
w_1703ee5,225
w_993d66c,226
w_df309be,227
w_10ace22,228
w_94da90b,229
w_ed67618,230
w_d8421c1,231
w_ba39ad5,232
w_5966fff,233
w_d10472d,234
w_ed117b3,235
w_56f2b1e,236
w_6e20206,237
w_9dfbd27,238
w_a7f3698,239
w_f792125,240
w_dea70b3,241
w_059df09,242
w_17e592c,243
w_fd628f1,244
w_acc67ea,245
w_777f59a,246
w_3aa1da4,247
w_3f43888,248
w_8c66a16,249
w_febafc1,250
w_1c2fb13,251
w_b5ea8a0,252
w_5292ff4,253
w_ea9b531,254
w_0378699,255
w_acee288,256
w_75bac95,257
w_e449d3a,258
w_5fc0120,259
w_7292419,260
w_14964c1,261
w_49c640f,262
w_0fce9a3,263
w_34c8690,264
w_9845f16,265
w_1875b28,266
w_4c2d259,267
w_cae7677,268
w_9fd6909,269
w_fc7cc24,270
w_51df6ac,271
w_295b96c,272
w_8ea1699,273
w_33909b8,274
w_e8c4623,275
w_c01e25d,276
w_40a8760,277
w_44edba9,278
w_5f4d992,279
w_c07076c,280
w_5f9508d,281
w_2dcbf82,282
w_67a3a92,283
w_fd698a3,284
w_f03ca16,285
w_826dc6d,286
w_441bd21,287
w_8cc9b05,288
w_686408a,289
w_ad87135,290
w_97982cf,291
w_ead305f,292
w_05b2ddd,293
w_3039e7a,294
w_8459e39,295
w_a966a67,296
w_c3d523d,297
w_1b67a2e,298
w_ae92124,299
w_d889b6a,300
w_da0f481,301
w_b2b74f0,302
w_61fbb66,303
w_6b45921,304
w_f014da3,305
w_376a413,306
w_8a98ddb,307
w_2c55303,308
w_0654dd9,309
w_578a509,310
w_bd1c23d,311
w_f8024be,312
w_ba56291,313
w_4f6fabd,314
w_1d05772,315
w_feab6f3,316
w_b638c8f,317
w_c71bf0e,318
w_afe57c6,319
w_80bae3a,320
w_d635930,321
w_4368c9e,322
w_e4c8d6d,323
w_be20b46,324
w_19c29aa,325
w_2bea4c4,326
w_4432150,327
w_4142305,328
w_e4e6f5b,329
w_8e16693,330
w_6ae7a93,331
w_5f68f56,332
w_ee9c4d7,333
w_d642d4e,334
w_01ab6dc,335
w_552a16e,336
w_a62f211,337
w_4bf5cf7,338
w_a0838d1,339
w_e375961,340
w_71e6583,341
w_db3621e,342
w_e39371c,343
w_a31900f,344
w_aa7a302,345
w_e34abbe,346
w_5b672ea,347
w_b066aa6,348
w_a190b3b,349
w_53951e6,350
w_fe8233d,351
w_8740039,352
w_883557a,353
w_5d732da,354
w_2832e90,355
w_caf4286,356
w_2d2d7fe,357
w_8141223,358
w_ffa78a5,359
w_c66638b,360
w_cd04e1c,361
w_16d2ae2,362
w_70db713,363
w_35eb420,364
w_2356a6d,365
w_6438b7d,366
w_a190aff,367
w_0c8a724,368
w_5c23454,369
w_acbc912,370
w_76106aa,371
w_b1acbb9,372
w_750dc93,373
w_9688819,374
w_b9ee5ec,375
w_af76f1e,376
w_4bd8388,377
w_7179c98,378
w_c0daf38,379
w_da0b8b5,380
w_5b3f55f,381
w_53ed912,382
w_0467840,383
w_5919cf7,384
w_af67683,385
w_d915632,386
w_2fe43c7,387
w_0526c04,388
w_0626e4d,389
w_25ec80a,390
w_f4fc8cc,391
w_3f365f3,392
w_b9e0ae0,393
w_6f2ae72,394
w_0c42dba,395
w_f5915b0,396
w_77607b5,397
w_1ed4dde,398
w_7a892ea,399
w_7faebe3,400
w_bbc4e7c,401
w_a964291,402
w_1da7080,403
w_b20763e,404
w_90ec71a,405
w_309a2b3,406
w_7ad8bb3,407
w_f478955,408
w_dfd3f5e,409
w_fa69bb8,410
w_6c99c53,411
w_09f9fd3,412
w_7a95674,413
w_8a4b8ef,414
w_30dc5ce,415
w_19c005a,416
w_b793570,417
w_9564830,418
w_156c0db,419
w_5c0e858,420
w_cc22f68,421
w_ea99623,422
w_968f2ca,423
w_3f550fa,424
w_e07f3d1,425
w_86b9dfd,426
w_d40f276,427
w_92d390e,428
w_6ddbb81,429
w_c622a3f,430
w_109fd25,431
w_a335e80,432
w_d6856ab,433
w_591db29,434
w_5bc7e7f,435
w_79774a5,436
w_0c45f5e,437
w_384e9ca,438
w_b31d830,439
w_af890ad,440
w_b05c57f,441
w_0f2f6e6,442
w_25db560,443
w_ed32db9,444
w_92c7ace,445
w_d434526,446
w_ba92e42,447
w_88d11b1,448
w_ab161f7,449
w_9d9913a,450
w_2f07b15,451
w_c90c37a,452
w_b55242e,453
w_88f57d0,454
w_f3248b4,455
w_f334363,456
w_76d5723,457
w_1235317,458
w_04feee0,459
w_acff672,460
w_86ff8a6,461
w_74adf0b,462
w_46a4137,463
w_83a922d,464
w_e430ce0,465
w_050bdac,466
w_5c62a56,467
w_b0aabf9,468
w_af6c7e2,469
w_aa64cc1,470
w_cc1f8bc,471
w_1957ab8,472
w_6f40f26,473
w_235b156,474
w_5d0666e,475
w_6abc013,476
w_cbda4ca,477
w_b729b1f,478
w_33b9360,479
w_8c961a3,480
w_d6815ff,481
w_92b35ca,482
w_471cca4,483
w_87050a3,484
w_cef1b93,485
w_a85a3c9,486
w_6b3402d,487
w_c80d300,488
w_af18c29,489
w_5e43abb,490
w_e62a48d,491
w_fb4d1f1,492
w_07a425f,493
w_1c30ba6,494
w_dfec7a3,495
w_1596a47,496
w_9ec358c,497
w_52c1af6,498
w_f87b77b,499
w_bda2856,500
w_21a1bdb,501
w_44beff0,502
w_bc76fde,503
w_218b25e,504
w_f0fc693,505
w_66c1b54,506
w_9ad963f,507
w_b6e6392,508
w_68820e8,509
w_c690728,510
w_b942708,511
w_6a3ca27,512
w_0819271,513
w_fa9c3d8,514
w_4b33077,515
w_cb7b682,516
w_cb2f78e,517
w_9d65e55,518
w_4f28a45,519
w_2e2ba59,520
w_488f836,521
w_0ac9006,522
w_ace5d0c,523
w_37a7f78,524
w_613723e,525
w_0f92544,526
w_c7f1975,527
w_7ba4b5a,528
w_44f66a7,529
w_72e70e5,530
w_2c3163b,531
w_45b90d9,532
w_6dbb861,533
w_028ca0d,534
w_00b621b,535
w_4d528e4,536
w_62c548b,537
w_e6d0696,538
w_36ac97f,539
w_f7e6199,540
w_d8e681c,541
w_c99f5ef,542
w_931ade2,543
w_707a3c3,544
w_5b8f282,545
w_da9254f,546
w_7e8b270,547
w_8114b1b,548
w_b3e6069,549
w_9562910,550
w_f2b0e93,551
w_b5144b0,552
w_776ba6e,553
w_496c4f0,554
w_9947243,555
w_a3868fb,556
w_b5e3076,557
w_c35b3ae,558
w_5021993,559
w_48a5b86,560
w_0beef28,561
w_5deefd9,562
w_5cb5fc3,563
w_46dcce7,564
w_1aa512b,565
w_82e0d98,566
w_aed6a9a,567
w_d66572d,568
w_f852d15,569
w_bd65ef8,570
w_d94c323,571
w_beb62cc,572
w_425da9a,573
w_655bba3,574
w_c8af414,575
w_524f51e,576
w_b890652,577
w_ac87f37,578
w_216f61f,579
w_49bbc79,580
w_2581f2e,581
w_976a54b,582
w_d3fde2c,583
w_ab6db0f,584
w_e0cb9c5,585
w_5c07f42,586
w_9c70a11,587
w_b074f5e,588
w_7f81114,589
w_55132a6,590
w_aaafb64,591
w_9b3ed01,592
w_80c4153,593
w_f5771d1,594
w_15928c6,595
w_471ae98,596
w_7b5d0f0,597
w_3ac13d2,598
w_6ce20f3,599
w_65efe4d,600
w_ba9bc6d,601
w_0e4ef50,602
w_ffbd74c,603
w_4af3e4e,604
w_e863419,605
w_7586198,606
w_ec91e99,607
w_fab0a22,608
w_0a91f24,609
w_395d578,610
w_1d84278,611
w_5eb0ca9,612
w_bbe06a7,613
w_2fdaa7f,614
w_60ad873,615
w_d6e5334,616
w_d94db94,617
w_3621c49,618
w_f2d87b0,619
w_073b15e,620
w_1e31d24,621
w_a7ac222,622
w_e8159c6,623
w_5646ae9,624
w_b952580,625
w_70db0f2,626
w_09d654f,627
w_6d4dedc,628
w_2250fa9,629
w_1772ed2,630
w_5d96ba4,631
w_1911cbb,632
w_c2c4f43,633
w_3a78626,634
w_0b3f313,635
w_5c6215c,636
w_b17f9ea,637
w_099ab25,638
w_05ecba5,639
w_bc3fd54,640
w_d775542,641
w_5a6d315,642
w_10a366f,643
w_fd218ba,644
w_419d308,645
w_cf69291,646
w_8329cea,647
w_53064a6,648
w_351a1e1,649
w_bed6af1,650
w_e5893cb,651
w_717a293,652
w_3dc5e74,653
w_b8bfaf1,654
w_a2633d4,655
w_7de72c5,656
w_600faae,657
w_4772747,658
w_fab0b50,659
w_389c788,660
w_7377b2b,661
w_5a81425,662
w_5444df0,663
w_0103030,664
w_28cd742,665
w_05e6ba7,666
w_c90feaa,667
w_4a4546c,668
w_430766d,669
w_9091ae6,670
w_8327e8d,671
w_fcf5284,672
w_93a4f60,673
w_7214e98,674
w_24bdae3,675
w_92c6140,676
w_0337aa5,677
w_41a79d7,678
w_f3b63ba,679
w_2ffed9c,680
w_222dcb7,681
w_573eb8f,682
w_fab740d,683
w_507e610,684
w_aae82f8,685
w_b67bfeb,686
w_dc81791,687
w_0c883eb,688
w_1924883,689
w_719011d,690
w_3380eb0,691
w_6a3210a,692
w_a866824,693
w_482d9d6,694
w_c87651d,695
w_d1eab36,696
w_032d44d,697
w_c6bd2bb,698
w_3cfeb1a,699
w_2850471,700
w_0acce53,701
w_130508d,702
w_c2580ef,703
w_67e6b75,704
w_7f4cd72,705
w_e964ae8,706
w_edf5f77,707
w_4e54fac,708
w_2c1634b,709
w_19a5685,710
w_da0372d,711
w_d28208f,712
w_a54e7c1,713
w_5c13154,714
w_8971f1d,715
w_e6ec8ee,716
w_b3cc032,717
w_3674103,718
w_0b18e41,719
w_69a9f72,720
w_8f2fb79,721
w_1e4c0ec,722
w_126653d,723
w_d7ddf9c,724
w_2b930da,725
w_83cd92b,726
w_0bc712b,727
w_ca55545,728
w_759b647,729
w_cf25b86,730
w_6a16373,731
w_0869575,732
w_5010531,733
w_9d704ab,734
w_a8f9a1e,735
w_cf7eebd,736
w_d6a9529,737
w_b96d4e0,738
w_e7b1cb3,739
w_8238d51,740
w_cf00b01,741
w_33e0287,742
w_e17b0f1,743
w_0245a27,744
w_3c0e79e,745
w_e86cf21,746
w_57e8a80,747
w_6c8601e,748
w_afbc150,749
w_3e73d8a,750
w_e4c7fac,751
w_e57b3ce,752
w_3076d8c,753
w_eb34c4d,754
w_d521332,755
w_bf69a19,756
w_4f82020,757
w_91d9cd0,758
w_6f31916,759
w_4f103de,760
w_ed10a36,761
w_660195e,762
w_037955e,763
w_d36f58c,764
w_0bbb3de,765
w_06b6f60,766
w_2fcb559,767
w_c786765,768
w_b69eb76,769
w_2725793,770
w_2e977e2,771
w_ea4935f,772
w_46193da,773
w_1431f4b,774
w_6121036,775
w_3d45268,776
w_6c899ff,777
w_0853262,778
w_ed07d84,779
w_70715c1,780
w_00c4901,781
w_61b87f9,782
w_6d2fe6f,783
w_2018f6c,784
w_ca3bb23,785
w_a369ccf,786
w_6ba475f,787
w_a789d49,788
w_899f659,789
w_42addf7,790
w_7417b12,791
w_06c470d,792
w_d75aff6,793
w_392bee3,794
w_c5e6997,795
w_5ea3410,796
w_2168906,797
w_e1f55ad,798
w_de51d16,799
w_0d60fdd,800
w_2f283f3,801
w_2ac8b4d,802
w_91a96d8,803
w_4f6c7e0,804
w_7108f6d,805
w_38b1edd,806
w_227ed79,807
w_a8990f1,808
w_ccf547c,809
w_2ac83b0,810
w_6cb31c8,811
w_4fcfa4d,812
w_872a86c,813
w_56bbc91,814
w_26bd720,815
w_5ffa454,816
w_c9ba30c,817
w_ea90267,818
w_a1b985a,819
w_6737f89,820
w_6257bdf,821
w_4176a19,822
w_8244367,823
w_fa121c9,824
w_1743d93,825
w_9d48bcf,826
w_dd5df89,827
w_1d2fbc1,828
w_59866ca,829
w_01a99a5,830
w_2cca6a1,831
w_e53334f,832
w_57304ba,833
w_c94f464,834
w_ebe0ad5,835
w_656490c,836
w_ab4bd59,837
w_af06773,838
w_e3caa40,839
w_fb94a5a,840
w_f185562,841
w_94e071d,842
w_0600ecf,843
w_0e0e856,844
w_e73c666,845
w_6ba46a1,846
w_dbc392b,847
w_61b5906,848
w_893ccb4,849
w_b5383b5,850
w_4696a5a,851
w_97da401,852
w_afe953f,853
w_c2a602a,854
w_7649712,855
w_c666071,856
w_4fd48e7,857
w_8a7b9c8,858
w_0988bbb,859
w_b14007c,860
w_799556e,861
w_91e06de,862
w_798bf53,863
w_c6b5519,864
w_aff0877,865
w_2f1e886,866
w_c0d494d,867
w_1392cde,868
w_29fc831,869
w_e21da76,870
w_70e49bc,871
w_6865ccb,872
w_1632307,873
w_e42c624,874
w_fd1cb9d,875
w_6e5b022,876
w_4a43c71,877
w_592782d,878
w_8db45b7,879
w_36d665c,880
w_56b9dcd,881
w_25fdcfb,882
w_03c6d18,883
w_47c5b29,884
w_532fb22,885
w_ab2d17a,886
w_9236aac,887
w_d5ec83f,888
w_6de53d1,889
w_7324cf5,890
w_a87ac93,891
w_4e0eaa1,892
w_5e78545,893
w_9ea2cc3,894
w_7fc15e6,895
w_4759df3,896
w_2e10179,897
w_f64cf8a,898
w_d1933be,899
w_2ce5ce2,900
w_a6a7dbf,901
w_de2c79f,902
w_aa15df6,903
w_143b201,904
w_7eb2c7c,905
w_710a3a3,906
w_33c8db8,907
w_4655b25,908
w_50db782,909
w_faa4239,910
w_eea20c4,911
w_53baa9b,912
w_1d38877,913
w_7f4a1f1,914
w_d3ab153,915
w_ba63af5,916
w_d663f4f,917
w_3f2a05c,918
w_e33bb21,919
w_6affb63,920
w_de73d45,921
w_18bd7b3,922
w_8d3b8b6,923
w_1c3cecd,924
w_c9abb54,925
w_8c605d2,926
w_efebfe8,927
w_3f0f6ba,928
w_6384242,929
w_27633c3,930
w_515d21d,931
w_01cbcbf,932
w_77aca60,933
w_ace34dc,934
w_d4119a7,935
w_2db01d5,936
w_0771d4b,937
w_372909c,938
w_8cd3036,939
w_41afa58,940
w_a22afc6,941
w_44f1d84,942
w_6d17527,943
w_ec27074,944
w_4785de7,945
w_fae3939,946
w_4659acf,947
w_80618a3,948
w_1894a1c,949
w_8575984,950
w_d306246,951
w_d1ffed1,952
w_3b89846,953
w_6ac4f07,954
w_1c6d5f0,955
w_07fea3d,956
w_d9aab0a,957
w_5af7a9c,958
w_35ffe80,959
w_84a13d3,960
w_b6ed5d2,961
w_73f8bd3,962
w_b6d09e6,963
w_4d358e5,964
w_4643de5,965
w_0fe48f3,966
w_bf8c3d2,967
w_dba0cd8,968
w_0b775c1,969
w_ab39440,970
w_4e7fc3e,971
w_451f507,972
w_b9c9129,973
w_735d8a4,974
w_d88328d,975
w_da6d50b,976
w_74cde8b,977
w_288e40b,978
w_3cd6996,979
w_a3885dc,980
w_6c23fcc,981
w_f6722e7,982
w_9ca943b,983
w_a2eb1bb,984
w_203e9d5,985
w_540bf45,986
w_694c109,987
w_f4ac89a,988
w_964c1b3,989
w_b7d5069,990
w_24ad46c,991
w_f98d12b,992
w_34801a4,993
w_76390b4,994
w_6d05f7f,995
w_1a9f141,996
w_93f1362,997
w_54b0844,998
w_046634b,999
w_93b64e9,1000
w_28fa29e,1001
w_c7b05e7,1002
w_0da6f67,1003
w_7b39dda,1004
w_f33b12b,1005
w_b648329,1006
w_dbda0d6,1007
w_e0ba9ae,1008
w_3947b78,1009
w_3e75bf3,1010
w_a5a13d0,1011
w_b9e00eb,1012
w_78999a6,1013
w_3fdab94,1014
w_04c1951,1015
w_2be1c9c,1016
w_fec1fb5,1017
w_572033c,1018
w_49a3b14,1019
w_a80620a,1020
w_73d5489,1021
w_eb458bf,1022
w_a7c6cf3,1023
w_771374c,1024
w_19ca2c6,1025
w_9288973,1026
w_1746c88,1027
w_f801078,1028
w_b88a8d8,1029
w_b1c5e71,1030
w_754c69f,1031
w_a11d17e,1032
w_55647bd,1033
w_3197568,1034
w_9f638d8,1035
w_e6ddfe1,1036
w_9de3195,1037
w_2b1e2f5,1038
w_3fc0946,1039
w_d430a78,1040
w_da2efe0,1041
w_ce01917,1042
w_e0799da,1043
w_01e1223,1044
w_ffda8b2,1045
w_f81e77a,1046
w_8ae97a4,1047
w_0308405,1048
w_0b7cc25,1049
w_aed8c22,1050
w_15d1235,1051
w_d4bc10d,1052
w_82bab38,1053
w_329e594,1054
w_24a2923,1055
w_83df8d5,1056
w_718ce15,1057
w_648a9a8,1058
w_92f705d,1059
w_cbd49f8,1060
w_e3bb130,1061
w_81df82e,1062
w_6e1b161,1063
w_6a78025,1064
w_f60c7e8,1065
w_f932abc,1066
w_be32bec,1067
w_d0e5d1d,1068
w_e4f1fcc,1069
w_97768ee,1070
w_cd3e1bd,1071
w_03ed3de,1072
w_55ce558,1073
w_11c504f,1074
w_6a6b3b3,1075
w_af8cad1,1076
w_3698eaf,1077
w_5aa4856,1078
w_e0e5c9e,1079
w_27b9e86,1080
w_847088b,1081
w_6503ccd,1082
w_434195c,1083
w_8c618e1,1084
w_bbad9a2,1085
w_4b87cba,1086
w_b6d4901,1087
w_38770cd,1088
w_a25d46c,1089
w_e6f746e,1090
w_b8fdb8e,1091
w_6193637,1092
w_1f606cf,1093
w_0f54cdf,1094
w_cdc21df,1095
w_4a1e58b,1096
w_67c1b6f,1097
w_e64ad53,1098
w_78b325d,1099
w_5014d6c,1100
w_8420f42,1101
w_f6bca7a,1102
w_f18df18,1103
w_64830fa,1104
w_7cfaa82,1105
w_02fce90,1106
w_dff2982,1107
w_aa70bc3,1108
w_13550b4,1109
w_25d7f93,1110
w_43c0762,1111
w_3166a4d,1112
w_d33c2ed,1113
w_303518a,1114
w_9a94e29,1115
w_bdfd16e,1116
w_4fdaa2a,1117
w_d345e80,1118
w_c0c1a30,1119
w_e2241ce,1120
w_c1b685f,1121
w_668ff55,1122
w_d4eb9ed,1123
w_9f1fafb,1124
w_7bdfc11,1125
w_23526cb,1126
w_b59c523,1127
w_cd4b506,1128
w_f02bf23,1129
w_179ffe3,1130
w_4659761,1131
w_2c1dafa,1132
w_98b86d9,1133
w_733fe81,1134
w_5059889,1135
w_084d01c,1136
w_15eae33,1137
w_c5e13f8,1138
w_57a137f,1139
w_fe87f0a,1140
w_15d7ecf,1141
w_ef30115,1142
w_026fdf8,1143
w_585e948,1144
w_80211fd,1145
w_ae0ab55,1146
w_21b3754,1147
w_302c025,1148
w_f031837,1149
w_d8df4e5,1150
w_f12415b,1151
w_3d2724b,1152
w_206742f,1153
w_8a2e496,1154
w_4ce0510,1155
w_4476e55,1156
w_905d41b,1157
w_bd43538,1158
w_8242022,1159
w_38e088a,1160
w_16e3c6b,1161
w_cc8241b,1162
w_e7e6ef2,1163
w_18a854b,1164
w_0df2bde,1165
w_b3655a6,1166
w_b693f13,1167
w_84398be,1168
w_d6a6360,1169
w_51652ee,1170
w_3b02089,1171
w_cb6a206,1172
w_70b4610,1173
w_ffcd98e,1174
w_ccfdb00,1175
w_ffa7427,1176
w_7879ee1,1177
w_656ef35,1178
w_3297a52,1179
w_fa8b1ac,1180
w_b9df6da,1181
w_2184d07,1182
w_3feb2df,1183
w_9923d21,1184
w_c9111ac,1185
w_35453e0,1186
w_238bbbf,1187
w_1ac4c38,1188
w_c22307d,1189
w_279b255,1190
w_5d4facb,1191
w_5a6bf1f,1192
w_6b2995b,1193
w_27736a0,1194
w_aa7e5f4,1195
w_cdc0a1c,1196
w_e101deb,1197
w_87e00c8,1198
w_4fb3c95,1199
w_54cd8e0,1200
w_7c6ad05,1201
w_afbc2d1,1202
w_eb9027d,1203
w_681dba6,1204
w_718bffc,1205
w_463b450,1206
w_7b1abbf,1207
w_a20c1e5,1208
w_fd3e88d,1209
w_636638f,1210
w_fe5e78b,1211
w_17dc953,1212
w_9874f0d,1213
w_d7de1ee,1214
w_e6d3a57,1215
w_79cde72,1216
w_adffd9c,1217
w_773967d,1218
w_72a1cd8,1219
w_33fc58d,1220
w_7b035cc,1221
w_123a47f,1222
w_ba2f2c4,1223
w_7bda16b,1224
w_36eb0b1,1225
w_2b939eb,1226
w_a232f9e,1227
w_3c0bbac,1228
w_de4daff,1229
w_7e841fa,1230
w_c6f1bff,1231
w_6918155,1232
w_059ac60,1233
w_25067c8,1234
w_7d2d70c,1235
w_b283b00,1236
w_65e519b,1237
w_a254eb0,1238
w_c6439b8,1239
w_1904e8c,1240
w_849b126,1241
w_d8e752e,1242
w_4cedbf8,1243
w_2dbb0fe,1244
w_cbedcb0,1245
w_7918071,1246
w_e0e133a,1247
w_33973bf,1248
w_43e45b6,1249
w_f256b56,1250
w_25808d2,1251
w_3cc4e90,1252
w_1905c66,1253
w_c167245,1254
w_5a29f9d,1255
w_046a210,1256
w_491607b,1257
w_059e347,1258
w_e603cc5,1259
w_f0b4252,1260
w_5b2bb99,1261
w_8c1e2e4,1262
w_59461a4,1263
w_469e847,1264
w_1ddb63f,1265
w_4c8cd1c,1266
w_b922593,1267
w_20eb13c,1268
w_53f79bc,1269
w_dcb4be9,1270
w_f64658b,1271
w_6460698,1272
w_29c286a,1273
w_7923fdc,1274
w_153645e,1275
w_8c23123,1276
w_4114553,1277
w_da63cba,1278
w_bb388ca,1279
w_b1d054c,1280
w_e2920e1,1281
w_32475a1,1282
w_5f8b9b9,1283
w_9151503,1284
w_f1a4389,1285
w_36a853c,1286
w_28ce17c,1287
w_62c6a8c,1288
w_ef52dd3,1289
w_bde9c34,1290
w_f4224b9,1291
w_ead5d70,1292
w_7c8620c,1293
w_f53deac,1294
w_2af3059,1295
w_b426ff3,1296
w_4b83ce2,1297
w_379ba08,1298
w_7104905,1299
w_76c2a95,1300
w_0729511,1301
w_ed32859,1302
w_4f37147,1303
w_1a4f16e,1304
w_ea6651e,1305
w_5bb7ae9,1306
w_fb8ca1e,1307
w_a779e16,1308
w_f5b8faf,1309
w_3dd1a87,1310
w_685466f,1311
w_068f5bd,1312
w_48c9deb,1313
w_9a0c14d,1314
w_fe054f3,1315
w_aa9b995,1316
w_0e40867,1317
w_1a62e1f,1318
w_adeee48,1319
w_a41d931,1320
w_df15cc8,1321
w_1aa0526,1322
w_38a3f72,1323
w_86a7464,1324
w_77e1ae3,1325
w_d1d8f98,1326
w_d0874bb,1327
w_f802d74,1328
w_94cd45e,1329
w_118d911,1330
w_1d0540c,1331
w_c280a12,1332
w_d234e6b,1333
w_896d91c,1334
w_20e863f,1335
w_64befc3,1336
w_02bb4cf,1337
w_bf70a3f,1338
w_c0287a9,1339
w_f4e84c1,1340
w_39d2684,1341
w_2482b4a,1342
w_44a6b62,1343
w_0d2dc7e,1344
w_d84ed05,1345
w_f63d8b0,1346
w_296749b,1347
w_d20befa,1348
w_d651356,1349
w_733f161,1350
w_8ab8687,1351
w_ed5cdab,1352
w_2c717fb,1353
w_b6efe77,1354
w_556df30,1355
w_e8bce8a,1356
w_b80a9c5,1357
w_844f032,1358
w_0e96943,1359
w_7234b3d,1360
w_1beadba,1361
w_e6ddbd5,1362
w_0b04c08,1363
w_02a768d,1364
w_12d9132,1365
w_731e3aa,1366
w_6ee7470,1367
w_35c8057,1368
w_f314558,1369
w_c0d1701,1370
w_490b224,1371
w_9e1e278,1372
w_6547e12,1373
w_f9d27ad,1374
w_85b0d73,1375
w_2c68b75,1376
w_8a1ab00,1377
w_33c3ce1,1378
w_2e27b77,1379
w_87cb6bd,1380
w_9771603,1381
w_86431c7,1382
w_ad32646,1383
w_e2ddc60,1384
w_e8a9fb8,1385
w_b932b22,1386
w_9b6d597,1387
w_7af28d7,1388
w_cb8edf5,1389
w_3cdf114,1390
w_19212f0,1391
w_ab67564,1392
w_f4219e3,1393
w_1f09cdd,1394
w_9136f33,1395
w_2dc2ef2,1396
w_7459706,1397
w_0cd401c,1398
w_c1c73c0,1399
w_37307c4,1400
w_0a0cf7d,1401
w_0156f27,1402
w_47d2bc6,1403
w_2b8e175,1404
w_c1e8594,1405
w_09c1e0b,1406
w_7d896ac,1407
w_905bf30,1408
w_d430a71,1409
w_2111212,1410
w_285da1a,1411
w_18eee6e,1412
w_fd6e8d2,1413
w_0f16be3,1414
w_86b3de4,1415
w_f763429,1416
w_82bb763,1417
w_fce6ab2,1418
w_a0c378c,1419
w_e7aa703,1420
w_f283381,1421
w_157ba16,1422
w_6f2de72,1423
w_1eff98a,1424
w_93dcf76,1425
w_97bc172,1426
w_063d82f,1427
w_f3d98bc,1428
w_11ca856,1429
w_daa4876,1430
w_7abaf06,1431
w_33032d1,1432
w_b33e728,1433
w_f746a73,1434
w_214c09a,1435
w_ad370e1,1436
w_ab6bb0a,1437
w_ad3dd0b,1438
w_b067417,1439
w_d4ab7ad,1440
w_5f47726,1441
w_8cba529,1442
w_e59a1f0,1443
w_cd02407,1444
w_7bcc2d6,1445
w_f229b69,1446
w_1d4f970,1447
w_94a4216,1448
w_f78c287,1449
w_c8f7bcd,1450
w_a400ddd,1451
w_1a229eb,1452
w_e988011,1453
w_9a967cb,1454
w_e7a238b,1455
w_2ac6dd5,1456
w_b033b36,1457
w_d1b90d2,1458
w_d937660,1459
w_d9787aa,1460
w_8b2cc42,1461
w_6163581,1462
w_3023ee5,1463
w_6e742e5,1464
w_b38374a,1465
w_9ba1eee,1466
w_1310342,1467
w_d053be5,1468
w_705e0fb,1469
w_e3b3ade,1470
w_3a47dba,1471
w_0d049cf,1472
w_7e8305f,1473
w_771136b,1474
w_4a069df,1475
w_a048f26,1476
w_a358522,1477
w_a4f77bd,1478
w_e21741a,1479
w_f0a2e40,1480
w_fda4fc5,1481
w_49b425b,1482
w_5a25156,1483
w_96c141f,1484
w_4494645,1485
w_0d39a68,1486
w_d6fdb03,1487
w_2870b33,1488
w_014250a,1489
w_a4da0b3,1490
w_7875b79,1491
w_d465e44,1492
w_5570053,1493
w_871b1b9,1494
w_79d4855,1495
w_cff28c4,1496
w_8376b7e,1497
w_78ba632,1498
w_45461e6,1499
w_c6b1412,1500
w_78a6f56,1501
w_c887c63,1502
w_d09e61a,1503
w_97e9f7f,1504
w_5cc51d6,1505
w_981a39b,1506
w_6da177a,1507
w_7f81ba5,1508
w_31d3999,1509
w_f054e7a,1510
w_290f82b,1511
w_ad0d6ec,1512
w_b721e96,1513
w_7419e4b,1514
w_cf3c233,1515
w_2e328e6,1516
w_8397970,1517
w_c00534d,1518
w_dbb786d,1519
w_2f6a962,1520
w_34a0eab,1521
w_38f39ed,1522
w_4133134,1523
w_ec02248,1524
w_3de676c,1525
w_136ab04,1526
w_dbaa2b1,1527
w_703e39b,1528
w_057c418,1529
w_5b99089,1530
w_8bc853a,1531
w_7307089,1532
w_19aeb9c,1533
w_490c8a0,1534
w_29eb3b2,1535
w_7885601,1536
w_6a2328a,1537
w_9378098,1538
w_a59905f,1539
w_7133c9d,1540
w_842623c,1541
w_62c3998,1542
w_9065f2e,1543
w_12cdfbd,1544
w_4c049c1,1545
w_ca94288,1546
w_3ff6029,1547
w_b2ba967,1548
w_d78513b,1549
w_03c84ef,1550
w_0d0bc48,1551
w_7b770ec,1552
w_e58fbe3,1553
w_e700deb,1554
w_6c2d7ea,1555
w_9c383c8,1556
w_556e001,1557
w_2a51a27,1558
w_f76af37,1559
w_ca4ca6f,1560
w_6ae1eaf,1561
w_147b62b,1562
w_97e7648,1563
w_62f804d,1564
w_338b130,1565
w_ddf14ae,1566
w_95874a5,1567
w_5007db3,1568
w_c07f119,1569
w_fba3bde,1570
w_88f693b,1571
w_a7d4668,1572
w_65c80dd,1573
w_4dd966d,1574
w_7ed55c4,1575
w_b4d182b,1576
w_9d83b4d,1577
w_e8a8d85,1578
w_e5d6443,1579
w_ec38983,1580
w_5b576a0,1581
w_dbf4e7f,1582
w_f2c9e07,1583
w_2c19c4a,1584
w_ac49dc5,1585
w_c57623d,1586
w_980bb1a,1587
w_338d945,1588
w_b1f6e70,1589
w_bd6e2dd,1590
w_a8bc2bc,1591
w_073f071,1592
w_e4d3ec3,1593
w_89dcef1,1594
w_94ba67d,1595
w_0d85e59,1596
w_a1237e3,1597
w_dd27188,1598
w_e94d02c,1599
w_979a6ef,1600
w_f8d2cd9,1601
w_efe57c7,1602
w_8ec2960,1603
w_a2f02c0,1604
w_ac851eb,1605
w_e2d0aaa,1606
w_cacfe12,1607
w_6fa41e8,1608
w_e8ba2d8,1609
w_4a074b8,1610
w_2d29ddd,1611
w_f43935f,1612
w_b08520c,1613
w_d88da6d,1614
w_c708dc7,1615
w_ecbf9fa,1616
w_1274a11,1617
w_a5ab9d1,1618
w_8b1d546,1619
w_9a8684f,1620
w_8d5ede1,1621
w_72c15c4,1622
w_7139016,1623
w_9872479,1624
w_aeca19c,1625
w_1b224c1,1626
w_705a70b,1627
w_84f9c41,1628
w_60cc444,1629
w_4435e82,1630
w_89ca343,1631
w_8bdc211,1632
w_482c51f,1633
w_9741f42,1634
w_ef7755e,1635
w_0b4429c,1636
w_1d0e29a,1637
w_72b0a6b,1638
w_4e7e512,1639
w_8c408dc,1640
w_98b57a1,1641
w_b9cfdfe,1642
w_6463ce8,1643
w_20f86e1,1644
w_c493795,1645
w_505a141,1646
w_41fa033,1647
w_1dc66b7,1648
w_a074c7e,1649
w_dc97dc3,1650
w_0f96780,1651
w_52a8436,1652
w_be4d5b8,1653
w_07274b2,1654
w_89d9c03,1655
w_42ab867,1656
w_7d7d108,1657
w_4808f0a,1658
w_4f51037,1659
w_2e872af,1660
w_3694c7d,1661
w_423e872,1662
w_61d516e,1663
w_82c9c67,1664
w_414a0d7,1665
w_24ac53d,1666
w_826eb44,1667
w_2341d0a,1668
w_5af463d,1669
w_ab9fa59,1670
w_3026ce2,1671
w_8103039,1672
w_d6a3892,1673
w_6ddff9b,1674
w_ae27ddc,1675
w_8b9672e,1676
w_1f0da94,1677
w_d1b13bb,1678
w_64f3545,1679
w_5acfa65,1680
w_3349c9d,1681
w_8e25bfa,1682
w_67bfdf5,1683
w_89c65ac,1684
w_39cfc71,1685
w_0a71e87,1686
w_11c2836,1687
w_7e9dc07,1688
w_76387b4,1689
w_d037229,1690
w_f16e220,1691
w_4f217e3,1692
w_6132293,1693
w_dab1fb4,1694
w_f183341,1695
w_ccbc782,1696
w_8e23e4c,1697
w_a1350a7,1698
w_f8aacbd,1699
w_3222bdb,1700
w_b9417ee,1701
w_6315bc6,1702
w_243e33e,1703
w_bb2c317,1704
w_9c4bb3c,1705
w_dc7c5a0,1706
w_bbf20b4,1707
w_be1f35d,1708
w_94e1ed4,1709
w_41901e5,1710
w_62799b5,1711
w_83034c7,1712
w_e08089e,1713
w_ef6e6a9,1714
w_944f496,1715
w_a524549,1716
w_46540b1,1717
w_d5293a1,1718
w_c0f3e88,1719
w_b8f8e69,1720
w_89f463f,1721
w_8f49fdd,1722
w_837646b,1723
w_514c62c,1724
w_8c957e0,1725
w_b454f70,1726
w_1ec267f,1727
w_c4c8491,1728
w_16ea0b2,1729
w_82ed7a7,1730
w_83f0b3f,1731
w_f400702,1732
w_06f0fd3,1733
w_ee22376,1734
w_810c481,1735
w_aafa5b5,1736
w_fd1a27f,1737
w_045d9fc,1738
w_efa1fc7,1739
w_569c2c7,1740
w_7e253e1,1741
w_e6d89c0,1742
w_71c7322,1743
w_d1bbde9,1744
w_0f89e72,1745
w_06a6351,1746
w_7b442c4,1747
w_7233641,1748
w_73b705e,1749
w_69df882,1750
w_31fb9f0,1751
w_97f5054,1752
w_4e11add,1753
w_b47a4a1,1754
w_97666c8,1755
w_18a1bf2,1756
w_c11932e,1757
w_e73d83c,1758
w_503ff17,1759
w_b29214f,1760
w_53476b2,1761
w_e7a2780,1762
w_313b78a,1763
w_cb5ea24,1764
w_94f8d37,1765
w_a6e8d03,1766
w_3b3b9b2,1767
w_076c122,1768
w_6f504c0,1769
w_71bfc77,1770
w_2863d51,1771
w_d49402a,1772
w_bbf6ebf,1773
w_30cf2ca,1774
w_62f299e,1775
w_a0ae961,1776
w_8c2de31,1777
w_1b6d171,1778
w_642de28,1779
w_0f84bf6,1780
w_7e728d8,1781
w_71cc46c,1782
w_934736d,1783
w_3cf3853,1784
w_29cc48b,1785
w_075aa6e,1786
w_93e1b76,1787
w_0466071,1788
w_8867074,1789
w_950b5cf,1790
w_5dc538d,1791
w_78f2e92,1792
w_aed023d,1793
w_d224115,1794
w_224000c,1795
w_e0f1df1,1796
w_b2cded6,1797
w_dbc4dcc,1798
w_7b0fb1d,1799
w_1f00cb7,1800
w_3b99025,1801
w_69e998f,1802
w_deb33de,1803
w_d62128e,1804
w_9989964,1805
w_88083bc,1806
w_44cccf6,1807
w_eb39613,1808
w_8a00b09,1809
w_654a5bb,1810
w_cea99fe,1811
w_002222a,1812
w_1efd2a9,1813
w_6b851b1,1814
w_2641733,1815
w_9f02482,1816
w_1272a31,1817
w_43eea34,1818
w_61e1076,1819
w_bf4880a,1820
w_3f907d6,1821
w_b5fc897,1822
w_1e1a051,1823
w_89154d2,1824
w_df7485b,1825
w_587d2e3,1826
w_e45bc18,1827
w_2f7753e,1828
w_9072f07,1829
w_c13b4e6,1830
w_4a78bf2,1831
w_b001dbe,1832
w_2c75202,1833
w_6202983,1834
w_b1a8107,1835
w_9e22ded,1836
w_8e4abc9,1837
w_ba39446,1838
w_1e4e7a4,1839
w_0ecff13,1840
w_17411dd,1841
w_f9a09c6,1842
w_53549df,1843
w_1dc6d62,1844
w_f5fd7ef,1845
w_8ba9abd,1846
w_3ed4763,1847
w_9b00e07,1848
w_6c803bf,1849
w_a965f14,1850
w_fdf60bb,1851
w_03a2ed7,1852
w_e3f51ec,1853
w_1917275,1854
w_f986587,1855
w_5384c57,1856
w_2d25d1f,1857
w_54fc5b3,1858
w_ada188f,1859
w_61cf42e,1860
w_a8458c8,1861
w_dad23fa,1862
w_1f10750,1863
w_c9eb806,1864
w_12c3d3d,1865
w_1489751,1866
w_d175300,1867
w_fb99d39,1868
w_c34afd7,1869
w_aed1e43,1870
w_41d32aa,1871
w_53ef628,1872
w_8b15b96,1873
w_a3d72f9,1874
w_30660bc,1875
w_29fc08a,1876
w_3bb210a,1877
w_865c2ba,1878
w_f69889f,1879
w_53dbf9d,1880
w_962164f,1881
w_5612fed,1882
w_d3f5be3,1883
w_e6f2c2d,1884
w_ad1d93b,1885
w_1af5d59,1886
w_c9dd32e,1887
w_d6d502a,1888
w_9a58d5c,1889
w_f438375,1890
w_3c3267c,1891
w_1ec0481,1892
w_930bc39,1893
w_82dabf6,1894
w_cece268,1895
w_613f90d,1896
w_d2b4956,1897
w_f9fb9d7,1898
w_ef89b72,1899
w_fc433f7,1900
w_8a2793e,1901
w_f6e5eca,1902
w_8d08f9e,1903
w_45aac7a,1904
w_3c2d938,1905
w_df092eb,1906
w_eb9ab29,1907
w_2a1d45c,1908
w_2dce318,1909
w_8c9ed42,1910
w_9122e43,1911
w_e41fd4f,1912
w_650bd05,1913
w_bc5f0f5,1914
w_8601045,1915
w_7311fe4,1916
w_b6c4efa,1917
w_f672e01,1918
w_6b03eb4,1919
w_36a4e8b,1920
w_a2a1378,1921
w_e9cacbf,1922
w_7f867ec,1923
w_e9ffbe9,1924
w_cddb3f4,1925
w_5af83da,1926
w_e7e1bd1,1927
w_d676d44,1928
w_66fb697,1929
w_3745f59,1930
w_b6886e5,1931
w_eec1133,1932
w_c1b3568,1933
w_75e6bf3,1934
w_3ee3d16,1935
w_c926fc3,1936
w_2739d94,1937
w_0b3c02c,1938
w_81b402a,1939
w_68a7146,1940
w_551f5ca,1941
w_5ad2030,1942
w_41f0a7e,1943
w_fae2cb6,1944
w_1fc874a,1945
w_fe95ab8,1946
w_7759db0,1947
w_cd788c3,1948
w_339c8ae,1949
w_1f6e1db,1950
w_7437489,1951
w_b8dff40,1952
w_794effc,1953
w_ad512ec,1954
w_78948b5,1955
w_dd76ce2,1956
w_e0818df,1957
w_df834bf,1958
w_b41e229,1959
w_034a3fd,1960
w_2216a46,1961
w_0265cb6,1962
w_64a51a4,1963
w_d3861a1,1964
w_3d1c2ef,1965
w_8861f65,1966
w_b329c00,1967
w_bc7e06a,1968
w_ab4f3dd,1969
w_0dac526,1970
w_d0157fd,1971
w_2730966,1972
w_230a0de,1973
w_71764b4,1974
w_347b648,1975
w_639aed5,1976
w_d9fdd15,1977
w_874cf52,1978
w_a58f64d,1979
w_2f89dfe,1980
w_b46bd60,1981
w_cc54cee,1982
w_a56d9ff,1983
w_cc504e7,1984
w_fa32440,1985
w_4f38350,1986
w_76923e4,1987
w_bb37d93,1988
w_df22ff1,1989
w_bcf23a8,1990
w_89ee7c1,1991
w_4e52a49,1992
w_74011a2,1993
w_31980d6,1994
w_f369a80,1995
w_410142f,1996
w_831f124,1997
w_52a081c,1998
w_0bc1db0,1999
w_2d2de1d,2000
w_b970272,2001
w_a4d37d5,2002
w_6e47e0e,2003
w_8d91f88,2004
w_ebf3f26,2005
w_3f5e7fc,2006
w_eaad6a8,2007
w_44fc081,2008
w_b6ae946,2009
w_2811cea,2010
w_d76d3bb,2011
w_5f82501,2012
w_59eb8ae,2013
w_f3865d6,2014
w_5624f08,2015
w_bf38f05,2016
w_b75f378,2017
w_a3abc56,2018
w_83b5e33,2019
w_3da62f8,2020
w_d9562f1,2021
w_b19c33f,2022
w_601b6d4,2023
w_6768b8c,2024
w_900f9eb,2025
w_997582c,2026
w_48bcad8,2027
w_0b0b7cc,2028
w_1e674e6,2029
w_ba8c7bc,2030
w_dc89c4c,2031
w_4cc3219,2032
w_db2baec,2033
w_b2aa351,2034
w_0a2af22,2035
w_cd65880,2036
w_932c8cd,2037
w_c0a4c9d,2038
w_715d152,2039
w_5f8c5d3,2040
w_5d335c3,2041
w_1306632,2042
w_7f199c6,2043
w_f207f7d,2044
w_86113c4,2045
w_afc7d61,2046
w_15427c3,2047
w_ec354a5,2048
w_676ddb0,2049
w_cc699e6,2050
w_7c979d9,2051
w_dbd2cff,2052
w_fd3ce71,2053
w_0d48a7d,2054
w_3664a22,2055
w_d33592e,2056
w_314d77b,2057
w_9f27ca9,2058
w_6249155,2059
w_1a29ba5,2060
w_104cc93,2061
w_38954da,2062
w_9729e1e,2063
w_588d5d7,2064
w_98413c8,2065
w_97eaa0e,2066
w_89f4a0c,2067
w_2c51d33,2068
w_aca9607,2069
w_dee1df3,2070
w_dcf2001,2071
w_28c8f60,2072
w_07abdff,2073
w_7ef90f7,2074
w_dd086b2,2075
w_da7d77c,2076
w_50729c4,2077
w_9ab6e50,2078
w_9aeb18f,2079
w_11f6df1,2080
w_fed0031,2081
w_a8ec52f,2082
w_f3bd33a,2083
w_09be3ad,2084
w_65ec378,2085
w_f9038ed,2086
w_248af0b,2087
w_7637760,2088
w_f70bf4d,2089
w_4c25641,2090
w_5f0a14c,2091
w_002dc11,2092
w_fe2aa66,2093
w_39a31a8,2094
w_102ab59,2095
w_c0f377b,2096
w_2d57dce,2097
w_40cc259,2098
w_3f90907,2099
w_a3c6ed0,2100
w_7285eb3,2101
w_18fbec1,2102
w_b1a1d43,2103
w_a4f1419,2104
w_65139e4,2105
w_ea96346,2106
w_12f2352,2107
w_77e1d3f,2108
w_4d4bd72,2109
w_17e8554,2110
w_b71eab2,2111
w_cf82352,2112
w_af04ba6,2113
w_dfd7ee8,2114
w_8ddc642,2115
w_87e8446,2116
w_eb47189,2117
w_5f7c402,2118
w_fe2742d,2119
w_0b0d88d,2120
w_65943d6,2121
w_def505e,2122
w_8dddd45,2123
w_7ae398c,2124
w_d8384bf,2125
w_0652d70,2126
w_913a2ad,2127
w_893e77a,2128
w_ca56bf3,2129
w_662a132,2130
w_e8778ce,2131
w_b6301f8,2132
w_9287bbb,2133
w_a5f6c33,2134
w_048f7a9,2135
w_9548fcf,2136
w_86e5d8c,2137
w_fb72090,2138
w_a1a8680,2139
w_3580734,2140
w_7294a6a,2141
w_01b2250,2142
w_46b211d,2143
w_3dd89d0,2144
w_6554826,2145
w_3dd210a,2146
w_979dc10,2147
w_c4cafb8,2148
w_d32adcd,2149
w_8a816b1,2150
w_aa3d7b8,2151
w_ad8bc47,2152
w_593485f,2153
w_d3a5075,2154
w_f115d53,2155
w_2fdf63b,2156
w_a29719a,2157
w_88e5933,2158
w_6d274b2,2159
w_f96592f,2160
w_57c14db,2161
w_5d84c65,2162
w_9d3ba38,2163
w_8325a79,2164
w_b68d041,2165
w_6b7d5ad,2166
w_7c7bfb0,2167
w_aaf443d,2168
w_2466659,2169
w_8c1ec28,2170
w_c179af9,2171
w_0c6d50d,2172
w_dce3192,2173
w_3e6a161,2174
w_4b8d0c9,2175
w_ba53619,2176
w_6ec850b,2177
w_ba17206,2178
w_845f7ca,2179
w_5e0e662,2180
w_f8cd6b6,2181
w_f8c9150,2182
w_5bc5e63,2183
w_6badfcf,2184
w_a494171,2185
w_cf3a12e,2186
w_ddf3c52,2187
w_d4c25b6,2188
w_af98182,2189
w_0bfb109,2190
w_1e5a146,2191
w_c551c9d,2192
w_895007f,2193
w_d11c53b,2194
w_cd38536,2195
w_1e6559e,2196
w_a2e2f8e,2197
w_4e68ddc,2198
w_480b2d4,2199
w_b4a5677,2200
w_4103f39,2201
w_b618751,2202
w_2cadad2,2203
w_790c2aa,2204
w_ed8a846,2205
w_966e86e,2206
w_06f85b2,2207
w_553bb6e,2208
w_0d733a5,2209
w_d0cecd5,2210
w_2dd15d3,2211
w_024358d,2212
w_fa473e6,2213
w_49bb827,2214
w_9df0865,2215
w_cda5d6e,2216
w_136337c,2217
w_7600863,2218
w_30f095d,2219
w_79b12d8,2220
w_01319fa,2221
w_530f87b,2222
w_76b6f7c,2223
w_76048fe,2224
w_17d5eb9,2225
w_ff2ca5c,2226
w_7f1f728,2227
w_2fdee7b,2228
w_642bd9e,2229
w_55b1d69,2230
w_29cf24b,2231
w_058547a,2232
w_32401f6,2233
w_447643b,2234
w_a3cd405,2235
w_f6c23d5,2236
w_8ba2066,2237
w_4ae36a5,2238
w_cfe35d4,2239
w_2f6e76c,2240
w_00cb685,2241
w_a51a6d6,2242
w_3eaef21,2243
w_0ad6137,2244
w_a8494ea,2245
w_5abb7d5,2246
w_95b6cc3,2247
w_f4c78e5,2248
w_01d6ca0,2249
w_f3db3f1,2250
w_680b86e,2251
w_a3dbc8f,2252
w_7e93962,2253
w_b8cba61,2254
w_31a93e7,2255
w_9eeb05c,2256
w_ca5abbb,2257
w_5d06bc3,2258
w_1a5beb9,2259
w_19e8a2d,2260
w_6b4af70,2261
w_4439f3d,2262
w_b5dd5bc,2263
w_98f0e93,2264
w_cbfbeb4,2265
w_8b1ca89,2266
w_91c0a1d,2267
w_be9bf14,2268
w_48a98d7,2269
w_c829019,2270
w_7f999ff,2271
w_958b908,2272
w_cc3a724,2273
w_69e88da,2274
w_cbac51f,2275
w_a31635b,2276
w_3fe1eb9,2277
w_b4732ef,2278
w_e9f85b7,2279
w_56743d6,2280
w_f1396bd,2281
w_cf0c062,2282
w_5f54bf3,2283
w_164cfff,2284
w_e88388a,2285
w_64d8a6d,2286
w_06ff732,2287
w_b0b275e,2288
w_3e25a26,2289
w_419226b,2290
w_efaada7,2291
w_2fd79c1,2292
w_b96c08e,2293
w_44f0fa2,2294
w_58c3bf9,2295
w_9d2ded8,2296
w_64433af,2297
w_b0e6fbe,2298
w_19f7a8b,2299
w_f50ee01,2300
w_1a536b2,2301
w_b0a5c8d,2302
w_a5f7fce,2303
w_e02fe7b,2304
w_ba5336c,2305
w_5fc5ea5,2306
w_2a32d3d,2307
w_19dc50f,2308
w_656afeb,2309
w_193b7e3,2310
w_864be50,2311
w_a26a029,2312
w_a8da4a3,2313
w_a93c8f9,2314
w_fe424c3,2315
w_2c3f440,2316
w_5575c58,2317
w_7ed3719,2318
w_8cd6d46,2319
w_2c83e22,2320
w_afef556,2321
w_22d812d,2322
w_affc813,2323
w_3bc8a47,2324
w_a7f847f,2325
w_8534390,2326
w_e249d94,2327
w_2a9727c,2328
w_e3c0ae5,2329
w_3d3c0f9,2330
w_6a4e5f2,2331
w_2f81b85,2332
w_549fbeb,2333
w_58a2388,2334
w_697c72e,2335
w_ad6edbe,2336
w_fbce8b4,2337
w_e41f2fa,2338
w_e80641a,2339
w_8fd5636,2340
w_fd9264d,2341
w_0981144,2342
w_0cb6294,2343
w_e38b2c7,2344
w_ca54a51,2345
w_f22f3e3,2346
w_73bed18,2347
w_5817e08,2348
w_b688397,2349
w_c58b474,2350
w_63d1ea6,2351
w_cb9220b,2352
w_33f5747,2353
w_373c114,2354
w_211aa88,2355
w_d96c946,2356
w_0f00e71,2357
w_735ce7d,2358
w_961ba76,2359
w_367b996,2360
w_8ecd3a7,2361
w_a17d153,2362
w_bbcafb8,2363
w_bc9dc37,2364
w_e5edb40,2365
w_c429c2a,2366
w_9948a99,2367
w_8dcd784,2368
w_3e1bdd0,2369
w_0da589d,2370
w_d398969,2371
w_52b0438,2372
w_a14a253,2373
w_c3aaa3a,2374
w_ff7630a,2375
w_2e4fecc,2376
w_a950d1c,2377
w_02c2248,2378
w_9411f86,2379
w_7e1521a,2380
w_219e33c,2381
w_2f8aed7,2382
w_1dd8e68,2383
w_8936f42,2384
w_11138db,2385
w_ca5f17f,2386
w_0d0ecfb,2387
w_49ae15d,2388
w_3f12226,2389
w_bd5cf0a,2390
w_6c9aa21,2391
w_1a9a38e,2392
w_8abcb09,2393
w_73cbacd,2394
w_511c464,2395
w_a67a1bc,2396
w_824f286,2397
w_7417ab0,2398
w_e2e56e9,2399
w_29c9595,2400
w_5b1fa1d,2401
w_a14ccaa,2402
w_c663985,2403
w_9e4a26f,2404
w_ba1befb,2405
w_19eb1b8,2406
w_c4e71b6,2407
w_f75302f,2408
w_67f61c7,2409
w_8963cff,2410
w_74207f0,2411
w_f95ef7c,2412
w_c0323f5,2413
w_37c23fa,2414
w_1a2b4f2,2415
w_09f825c,2416
w_8c3db0a,2417
w_1652da1,2418
w_b856fc1,2419
w_c92b4f5,2420
w_d9d4088,2421
w_67fecca,2422
w_4ebeafb,2423
w_518129a,2424
w_63db6f9,2425
w_cc009e5,2426
w_ca40961,2427
w_14c8f15,2428
w_85f9040,2429
w_8716ad9,2430
w_a913945,2431
w_32d99b4,2432
w_3608443,2433
w_883b284,2434
w_c102ec3,2435
w_ba332ae,2436
w_ef7cdd5,2437
w_d2e1f2a,2438
w_08f1502,2439
w_e10dff3,2440
w_61c1f9c,2441
w_f19faeb,2442
w_232e5bd,2443
w_3d66298,2444
w_895c722,2445
w_ca1850d,2446
w_80e649e,2447
w_4b16688,2448
w_0e25cf2,2449
w_0c70bc3,2450
w_009dc00,2451
w_4f94f26,2452
w_361e290,2453
w_50e8e41,2454
w_22da5b6,2455
w_c5f9e78,2456
w_79413a6,2457
w_964ce09,2458
w_44a137d,2459
w_0729d71,2460
w_02e5407,2461
w_fb89186,2462
w_6d90f45,2463
w_b80d2cb,2464
w_fe19618,2465
w_2881995,2466
w_22b8a16,2467
w_0ffc383,2468
w_599d0df,2469
w_661dacb,2470
w_22b09d0,2471
w_02b775b,2472
w_001ebbc,2473
w_fe922c3,2474
w_2669d75,2475
w_92ed15f,2476
w_e1431ba,2477
w_4cba6b2,2478
w_3cbccb7,2479
w_3f8f5aa,2480
w_d52bc74,2481
w_e156c87,2482
w_9c5ed68,2483
w_fbbf84a,2484
w_f86488a,2485
w_994ff96,2486
w_c6823b1,2487
w_1c22d7e,2488
w_f178867,2489
w_5c59d12,2490
w_ccb4adc,2491
w_edcb241,2492
w_941ca6a,2493
w_42aa161,2494
w_2554558,2495
w_e55a554,2496
w_a0fc1a7,2497
w_1c69443,2498
w_081dd6e,2499
w_1000f90,2500
w_da64f8d,2501
w_a8e5d39,2502
w_1c32062,2503
w_62ec01b,2504
w_372ae75,2505
w_853c1f7,2506
w_9a8f43f,2507
w_d2f7b3c,2508
w_9577f88,2509
w_dfbfe10,2510
w_09d48d1,2511
w_c84551d,2512
w_d686541,2513
w_24fda6e,2514
w_49a3a96,2515
w_afde232,2516
w_ae07541,2517
w_f790728,2518
w_6926f08,2519
w_0f41afe,2520
w_2ea9744,2521
w_c11fce0,2522
w_4b47559,2523
w_4791b4c,2524
w_ca8bfb4,2525
w_37223f9,2526
w_c3ff6f2,2527
w_1febbf3,2528
w_2658649,2529
w_8bdd984,2530
w_7763134,2531
w_f714476,2532
w_8286350,2533
w_2392b4c,2534
w_35d4d83,2535
w_52e7cf6,2536
w_67de30b,2537
w_7e49f1e,2538
w_ddb4c8d,2539
w_cad1a8d,2540
w_db474c7,2541
w_3350425,2542
w_4d98ef7,2543
w_39b22d9,2544
w_d95069e,2545
w_8eb63b7,2546
w_b074cdf,2547
w_a9dd349,2548
w_c241e72,2549
w_db9e932,2550
w_d63bf1f,2551
w_01f211f,2552
w_6f2309d,2553
w_e4df90a,2554
w_8209e5c,2555
w_27da7aa,2556
w_eb7c39f,2557
w_428d61d,2558
w_75f217b,2559
w_625a6a9,2560
w_bf14813,2561
w_7d819df,2562
w_dfafffd,2563
w_9e559ff,2564
w_a3a65b3,2565
w_aa16da4,2566
w_a481883,2567
w_42dd100,2568
w_9ceb05d,2569
w_7ab9a17,2570
w_ff39e03,2571
w_076daec,2572
w_5b08542,2573
w_4095207,2574
w_b4369cc,2575
w_987a36f,2576
w_62d76c2,2577
w_2b3fe8e,2578
w_bfaa83c,2579
w_458f0aa,2580
w_3b8b9c7,2581
w_3ce788a,2582
w_816d344,2583
w_1add6ae,2584
w_ac69cf7,2585
w_d89f317,2586
w_d142b00,2587
w_8fb79a2,2588
w_770eb84,2589
w_b7f2cde,2590
w_0e4f53c,2591
w_daeb296,2592
w_667833e,2593
w_bccfcc1,2594
w_15ebbda,2595
w_bdafa8d,2596
w_19f0b15,2597
w_4e2652d,2598
w_bc68c30,2599
w_68fb716,2600
w_5d6786e,2601
w_142dce1,2602
w_40e3ee7,2603
w_0e9f6d9,2604
w_38e4aae,2605
w_a0149f9,2606
w_f0af1f8,2607
w_1a4ae2c,2608
w_91572bb,2609
w_060bdf2,2610
w_92be3ca,2611
w_330286e,2612
w_19e5d10,2613
w_63d10a1,2614
w_690fc6b,2615
w_4b18498,2616
w_1cd9331,2617
w_6bbaa92,2618
w_e685c80,2619
w_df21074,2620
w_3d9fb6c,2621
w_d58ef7f,2622
w_e8c35dc,2623
w_2173953,2624
w_9205d40,2625
w_3c9f80b,2626
w_1948625,2627
w_d6255a4,2628
w_bd1dbed,2629
w_91e86c4,2630
w_8201c3f,2631
w_20da4cf,2632
w_c3f9618,2633
w_de20ab0,2634
w_52b06b1,2635
w_80c692d,2636
w_f774c8b,2637
w_39776da,2638
w_86b3f04,2639
w_fcee41d,2640
w_29670e2,2641
w_02d5fad,2642
w_f0d8be1,2643
w_011d4b5,2644
w_b081817,2645
w_92d55a6,2646
w_6ab7b53,2647
w_3d4900b,2648
w_49c9417,2649
w_24823e2,2650
w_3449e4f,2651
w_46594b2,2652
w_b9beaf5,2653
w_771d855,2654
w_116a51f,2655
w_34fd328,2656
w_93bf889,2657
w_2a6d006,2658
w_cce0444,2659
w_175536a,2660
w_73e5530,2661
w_ee24bac,2662
w_8c51d17,2663
w_3af4e73,2664
w_d2ab9c4,2665
w_814a588,2666
w_07616fd,2667
w_01f9086,2668
w_a71b714,2669
w_ed5a7c6,2670
w_d4251cb,2671
w_3cada3d,2672
w_3e5069e,2673
w_fe36b07,2674
w_4403803,2675
w_31b020c,2676
w_576db5d,2677
w_6c7bd1c,2678
w_fccb97a,2679
w_21e178f,2680
w_6a7478d,2681
w_ec87420,2682
w_7386509,2683
w_6df35bf,2684
w_711d58c,2685
w_f008d2b,2686
w_4790f64,2687
w_516bedb,2688
w_8643ba3,2689
w_20ba84b,2690
w_2d99a0c,2691
w_a43fcbb,2692
w_42f935c,2693
w_7c2d27c,2694
w_136653f,2695
w_0bd3671,2696
w_c48ad3e,2697
w_2d09595,2698
w_898bb9a,2699
w_ee948c6,2700
w_94bc64e,2701
w_0013924,2702
w_d1033fa,2703
w_3fc7f1e,2704
w_886257d,2705
w_1969a9d,2706
w_02d7dc8,2707
w_0aae8c1,2708
w_daf1085,2709
w_c95a0ea,2710
w_b5c9946,2711
w_b089088,2712
w_b8ea509,2713
w_ee17a08,2714
w_b280692,2715
w_2bdd2df,2716
w_552ec4e,2717
w_f68d0af,2718
w_4f0b7d9,2719
w_37dd956,2720
w_c2474a2,2721
w_a687e28,2722
w_fe6c1f3,2723
w_7db10cc,2724
w_1fb42f1,2725
w_e74980b,2726
w_36b6904,2727
w_b99edea,2728
w_7dc3fae,2729
w_785f62b,2730
w_76d84e2,2731
w_bb2d34d,2732
w_532e2cc,2733
w_17370ba,2734
w_11d8e5a,2735
w_5797d05,2736
w_5e3d9d0,2737
w_56f9abb,2738
w_21dfc18,2739
w_1ae1386,2740
w_395f5e7,2741
w_23e4e61,2742
w_64783fe,2743
w_cd88a48,2744
w_6e120c4,2745
w_0b3b659,2746
w_cc60002,2747
w_ace8c54,2748
w_c61de62,2749
w_0ea659e,2750
w_c583383,2751
w_c0648b9,2752
w_701972b,2753
w_f3e948c,2754
w_4dceacc,2755
w_3e9d82e,2756
w_ceffa10,2757
w_c59d04b,2758
w_efd3f81,2759
w_3b0894d,2760
w_ebc870d,2761
w_1c3e5da,2762
w_ecb9a79,2763
w_c4f3619,2764
w_83b2cab,2765
w_46ec664,2766
w_056be75,2767
w_7427ace,2768
w_170bacc,2769
w_d141590,2770
w_2ef900c,2771
w_3e4bb3f,2772
w_cf092f5,2773
w_98ab48e,2774
w_02c9470,2775
w_76599c3,2776
w_7257028,2777
w_403f92f,2778
w_3b90f9b,2779
w_bdbec6c,2780
w_3e02970,2781
w_3355365,2782
w_3455b23,2783
w_c751211,2784
w_0ae998f,2785
w_54c00ad,2786
w_7f1f97b,2787
w_095f58d,2788
w_b8236d6,2789
w_e826a6f,2790
w_77ee0be,2791
w_a526492,2792
w_7a9f3f6,2793
w_0ac6a0a,2794
w_ff1b64c,2795
w_2a18a44,2796
w_1717a13,2797
w_a69bb2b,2798
w_c8bf168,2799
w_63035d1,2800
w_94b4478,2801
w_6635a97,2802
w_0324b97,2803
w_c20f21c,2804
w_8f593d4,2805
w_0122d85,2806
w_489e374,2807
w_7852bd1,2808
w_0753c29,2809
w_e45da8c,2810
w_257856f,2811
w_8ebb024,2812
w_398aa7f,2813
w_f9083fe,2814
w_330f897,2815
w_eab49b7,2816
w_13249f1,2817
w_7914111,2818
w_816d462,2819
w_80245ee,2820
w_f6d32e2,2821
w_c63fdb6,2822
w_522ba14,2823
w_16ad10e,2824
w_38bcd3e,2825
w_637f363,2826
w_c39c56e,2827
w_00fbb4e,2828
w_2855124,2829
w_74e15fc,2830
w_56ddb00,2831
w_72dfe51,2832
w_6398e9d,2833
w_7d9642c,2834
w_6a87d0d,2835
w_349fcbc,2836
w_c774326,2837
w_eeb5fa7,2838
w_1e7bb93,2839
w_a5c5f2d,2840
w_fb2b2c2,2841
w_f843c4d,2842
new_whale,2843
w_e27cf3f,2844
w_c74ab24,2845
w_5e57e8b,2846
w_2707bcd,2847
w_ea2385d,2848
w_8f776ed,2849
w_560661c,2850
w_9146eae,2851
w_7f6ce8e,2852
w_4cff2f8,2853
w_f4d89bb,2854
w_6443ad1,2855
w_facffea,2856
w_4e1f7bd,2857
w_4de83f9,2858
w_238a4ad,2859
w_5f9fd41,2860
w_8a5ff14,2861
w_6a1198e,2862
w_b4151b7,2863
w_dff77b6,2864
w_2cdf820,2865
w_0740d28,2866
w_fbbc8ba,2867
w_7185713,2868
w_4e8f84d,2869
w_9a4bd76,2870
w_5d0a13f,2871
w_743209a,2872
w_f5a2610,2873
w_bc18612,2874
w_31446aa,2875
w_93d42a1,2876
w_9621342,2877
w_9ba06bb,2878
w_f10006a,2879
w_cd01afb,2880
w_a2b8172,2881
w_a57351c,2882
w_eaeb1f0,2883
w_3d8c865,2884
w_8fec0dd,2885
w_800034f,2886
w_7d4cb72,2887
w_a402e24,2888
w_e2bf793,2889
w_589b830,2890
w_1e9d5c7,2891
w_452400e,2892
w_5d8c038,2893
w_8392ae9,2894
w_86cc90f,2895
w_2687f1b,2896
w_1eaebf2,2897
w_6d3ca42,2898
w_c4923b6,2899
w_4b950da,2900
w_d014794,2901
w_42af75d,2902
w_20548a7,2903
w_6e7b28b,2904
w_0a97a25,2905
w_d3c8520,2906
w_e8d0bac,2907
w_6f211a9,2908
w_63131a3,2909
w_f0bb383,2910
w_07e92ee,2911
w_127f4c6,2912
w_a422d00,2913
w_cc5fae7,2914
w_87fc163,2915
w_71f6bc5,2916
w_26edeb8,2917
w_23b9dcb,2918
w_c01beb7,2919
w_2c0af5e,2920
w_3572b44,2921
w_a533837,2922
w_0f8b515,2923
w_93bf5f4,2924
w_11adaae,2925
w_896023f,2926
w_2b0fc31,2927
w_b282692,2928
w_326e389,2929
w_2b443f8,2930
w_0cc4a2b,2931
w_40be51f,2932
w_f21f2ec,2933
w_50cd600,2934
w_a35191f,2935
w_6092d5c,2936
w_20c671c,2937
w_0ce3ccc,2938
w_fd07344,2939
w_63d5016,2940
w_b9d27c6,2941
w_4285435,2942
w_effd0ea,2943
w_9b804bd,2944
w_b588283,2945
w_4057481,2946
w_9c8e377,2947
w_eb5b6aa,2948
w_7d19608,2949
w_1161030,2950
w_3565288,2951
w_62ca7c8,2952
w_f4844e7,2953
w_4c4c001,2954
w_cc8d317,2955
w_4195fc3,2956
w_8b56cb1,2957
w_e548eb7,2958
w_612f4a2,2959
w_d4fa6f3,2960
w_22bb9b3,2961
w_38158d6,2962
w_607a734,2963
w_0fa8587,2964
w_050d056,2965
w_e00a916,2966
w_449a34e,2967
w_2757f01,2968
w_6e26345,2969
w_f104523,2970
w_23b01a6,2971
w_09e0cbf,2972
w_8b1cd49,2973
w_741861e,2974
w_f2b5de1,2975
w_9d0e84a,2976
w_3e57104,2977
w_9e7021b,2978
w_9a1d8e7,2979
w_1ecfe96,2980
w_2ac069f,2981
w_e17c752,2982
w_68a3df0,2983
w_ed69e9c,2984
w_5d86f98,2985
w_2eb180f,2986
w_d2be6cc,2987
w_e7f03cf,2988
w_0c93f94,2989
w_05567a9,2990
w_d51a79f,2991
w_e3fbc27,2992
w_54a5871,2993
w_ac05864,2994
w_e98432b,2995
w_89e159a,2996
w_b678944,2997
w_5f50b5e,2998
w_9448c34,2999
w_dc4c2ba,3000
w_4504167,3001
w_d984eb7,3002
w_cce912e,3003
w_d3ce445,3004
w_6249f5d,3005
w_e8ca955,3006
w_3063bf4,3007
w_77fbe5c,3008
w_4404247,3009
w_4e505cc,3010
w_d8eae88,3011
w_98dcedd,3012
w_d782e1b,3013
w_32602d9,3014
w_51cdd4b,3015
w_e9592d4,3016
w_78f64d1,3017
w_16d1b32,3018
w_65428d9,3019
w_1dff010,3020
w_8bcf29b,3021
w_23cd105,3022
w_1b6d34d,3023
w_ede13b5,3024
w_c124d29,3025
w_7f45825,3026
w_0a565c5,3027
w_09dd18c,3028
w_4855bd3,3029
w_d9f1ea6,3030
w_7778174,3031
w_02cf46c,3032
w_1eafe46,3033
w_c102acf,3034
w_5d50ea2,3035
w_b170173,3036
w_8aab1d4,3037
w_7b4a658,3038
w_3050553,3039
w_b4a223d,3040
w_3fcb80e,3041
w_a464d28,3042
w_bbc2a14,3043
w_b738048,3044
w_29d2cec,3045
w_23e5a4c,3046
w_7c18f3c,3047
w_b70a0c4,3048
w_3c2ec7a,3049
w_7029235,3050
w_5dddfbe,3051
w_33e7def,3052
w_4863ed9,3053
w_6734e40,3054
w_fb7a56b,3055
w_c91f758,3056
w_8a997b8,3057
w_9cb529f,3058
w_3061bdd,3059
w_b604c18,3060
w_83d8a2e,3061
w_0ea2545,3062
w_8bde95b,3063
w_ee94c57,3064
w_7049d9f,3065
w_dcf1fd1,3066
w_c55c9cd,3067
w_b1c44fe,3068
w_cc759cd,3069
w_7e5cc5e,3070
w_3b016f0,3071
w_15c39f4,3072
w_1127c35,3073
w_e0bbddc,3074
w_a66b2a5,3075
w_44ef2b8,3076
w_1fc14e9,3077
w_7276f4b,3078
w_8c30867,3079
w_f460394,3080
w_5374a4c,3081
w_c6372b8,3082
w_598b8ab,3083
w_2957331,3084
w_96fd936,3085
w_8717ef3,3086
w_d8f0f46,3087
w_414f402,3088
w_6549107,3089
w_bfe749f,3090
w_064ab78,3091
w_10bea88,3092
w_435ee6d,3093
w_c10ffe9,3094
w_fd94a56,3095
w_5f215db,3096
w_c352046,3097
w_675e8e9,3098
w_06fd726,3099
w_90a743c,3100
w_877e56e,3101
w_c103b25,3102
w_8d46cef,3103
w_d58a303,3104
w_c8d20aa,3105
w_70b9e55,3106
w_5054c6a,3107
w_ddad87e,3108
w_37bd99a,3109
w_ffb4e3d,3110
w_2963114,3111
w_9438980,3112
w_626ef9f,3113
w_867c363,3114
w_f208155,3115
w_9dc6e7f,3116
w_67599af,3117
w_e30e97f,3118
w_c133ea8,3119
w_a74742c,3120
w_2222ef0,3121
w_ce269ec,3122
w_ed0c4cc,3123
w_8e451d9,3124
w_b61840c,3125
w_b04d4f1,3126
w_125095f,3127
w_b0362e2,3128
w_fac9864,3129
w_125ba17,3130
w_dd66cf9,3131
w_a31fed5,3132
w_a1d95a3,3133
w_4457d27,3134
w_ba302c8,3135
w_e21043a,3136
w_6e42b8e,3137
w_68b47a1,3138
w_47906dc,3139
w_a4b6a86,3140
w_4dfe7cb,3141
w_ae1db8a,3142
w_3d12652,3143
w_badfc4b,3144
w_d3857a6,3145
w_7e1eb95,3146
w_a13ada3,3147
w_2941dd2,3148
w_f48b91b,3149
w_0dee306,3150
w_48dd419,3151
w_0fc4835,3152
w_db0ad01,3153
w_aef3680,3154
w_b9e116f,3155
w_60c5ba0,3156
w_8a66718,3157
w_c71115a,3158
w_faf538a,3159
w_1b1c32f,3160
w_7632107,3161
w_711aaa1,3162
w_7caa4fe,3163
w_8166c79,3164
w_6c42496,3165
w_3add848,3166
w_408c5a7,3167
w_bf31e4a,3168
w_7aaa569,3169
w_6af9dd7,3170
w_2c6fe6f,3171
w_7e48479,3172
w_9dab60c,3173
w_49308df,3174
w_559ce61,3175
w_7dee51b,3176
w_b7a832a,3177
w_dfcf7fe,3178
w_655efb0,3179
w_4a9ee0f,3180
w_9a21f34,3181
w_d775c6f,3182
w_b48535f,3183
w_777546c,3184
w_9875c12,3185
w_ebff750,3186
w_80d95d6,3187
w_41da937,3188
w_9b401eb,3189
w_7bf3a5c,3190
w_1b1c4f1,3191
w_8044362,3192
w_f4b95e7,3193
w_3fffc61,3194
w_d382236,3195
w_56ccad1,3196
w_5470134,3197
w_a96d4dc,3198
w_4624237,3199
w_a38fee3,3200
w_ded09c7,3201
w_7b3f9d1,3202
w_d129902,3203
w_9c449e2,3204
w_3e26a99,3205
w_ba0d756,3206
w_8fac7da,3207
w_9e1e818,3208
w_a837660,3209
w_78a4639,3210
w_77e3e0f,3211
w_900fab7,3212
w_f18af3b,3213
w_63fc906,3214
w_02facde,3215
w_e69cef0,3216
w_9615cf1,3217
w_fd1308e,3218
w_242a05d,3219
w_f563449,3220
w_4fe4078,3221
w_4e03f66,3222
w_f6bd6f8,3223
w_f90b695,3224
w_c9dc73e,3225
w_3881300,3226
w_4f248f3,3227
w_2196938,3228
w_38ef4a3,3229
w_f546b0a,3230
w_6598219,3231
w_c5d7c03,3232
w_cd22b23,3233
w_e8ae8c1,3234
w_8d9c6fc,3235
w_e90c89f,3236
w_0134192,3237
w_f70f725,3238
w_eac205a,3239
w_406331a,3240
w_bb79fb8,3241
w_cd1f1ed,3242
w_1090920,3243
w_13c6b6b,3244
w_d7ffaf2,3245
w_87acd5c,3246
w_15f29b7,3247
w_d68d206,3248
w_666b072,3249
w_d2324e2,3250
w_2fd21ec,3251
w_8fab53d,3252
w_17a3581,3253
w_4b04829,3254
w_f93d780,3255
w_a51b387,3256
w_3320e76,3257
w_014a645,3258
w_9cb2dba,3259
w_69f4311,3260
w_cef690d,3261
w_fec6413,3262
w_01a51a6,3263
w_52eecb4,3264
w_abe383e,3265
w_c4c00ed,3266
w_60d8778,3267
w_9023f3b,3268
w_f8e6546,3269
w_6dc88a6,3270
w_b939998,3271
w_a30882c,3272
w_fd6f24f,3273
w_4ec7c66,3274
w_cbd271b,3275
w_d89b29e,3276
w_f7a0fd7,3277
w_0dc176f,3278
w_accd48e,3279
w_f4f3f6d,3280
w_8e4fa60,3281
w_a5431ca,3282
w_26dd948,3283
w_8f3cb68,3284
w_14ba846,3285
w_8d88c82,3286
w_0674604,3287
w_c915956,3288
w_92e7841,3289
w_8bc3f0a,3290
w_adc62bc,3291
w_ba0366f,3292
w_2e4df76,3293
w_6dd7c3d,3294
w_5c32d2a,3295
w_96b8436,3296
w_db5cc79,3297
w_b39c722,3298
w_e64c9a6,3299
w_8201aa8,3300
w_4ec48a9,3301
w_74257e8,3302
w_c3ce041,3303
w_55d6c4f,3304
w_2c46a73,3305
w_59786da,3306
w_03fcd5d,3307
w_133ecf4,3308
w_2b485a8,3309
w_db7e2c5,3310
w_7f0700f,3311
w_f7d5919,3312
w_864cc78,3313
w_dbbe0d4,3314
w_9a5cd8e,3315
w_79b42cd,3316
w_ec79861,3317
w_6375873,3318
w_434ad6a,3319
w_99365b3,3320
w_7142b19,3321
w_93aee9e,3322
w_4df0b12,3323
w_881f3c4,3324
w_3ee8570,3325
w_318e1d2,3326
w_402784d,3327
w_11b993a,3328
w_2f54c3c,3329
w_974c0ea,3330
w_4b95330,3331
w_2b6cfa6,3332
w_5438813,3333
w_988f6b3,3334
w_3c4062e,3335
w_03dc41c,3336
w_72d5b6c,3337
w_3411b9f,3338
w_cfddb15,3339
w_959b917,3340
w_cb3bd52,3341
w_251ee17,3342
w_a365757,3343
w_498bf0d,3344
w_413057d,3345
w_a33e1c3,3346
w_8968506,3347
w_a8335f2,3348
w_17cb04d,3349
w_9967edd,3350
w_b0fde68,3351
w_b2b073b,3352
w_c39fceb,3353
w_b624ed1,3354
w_3fa2cb1,3355
w_23d3818,3356
w_ef99fe9,3357
w_8f50a1f,3358
w_aa446ad,3359
w_41c0098,3360
w_fe6617a,3361
w_35063ed,3362
w_6ef68ed,3363
w_9412d1b,3364
w_e15442c,3365
w_0e10dbe,3366
w_f544197,3367
w_8e3ebeb,3368
w_77166cc,3369
w_8b22583,3370
w_83e0203,3371
w_f81c626,3372
w_7f3a122,3373
w_79f7d21,3374
w_32037e2,3375
w_d708c5a,3376
w_fca13e2,3377
w_0899118,3378
w_796eebc,3379
w_c390258,3380
w_83accca,3381
w_7895123,3382
w_158eeb9,3383
w_444a844,3384
w_7523d74,3385
w_b8c9a29,3386
w_3278f8c,3387
w_680e011,3388
w_db2c158,3389
w_8861715,3390
w_e44d512,3391
w_432b162,3392
w_bf3449f,3393
w_721d2e9,3394
w_a5deba3,3395
w_b6a95e0,3396
w_0f20cbc,3397
w_d5f0261,3398
w_80c5f01,3399
w_c13a4e3,3400
w_9c3db0a,3401
w_2a939eb,3402
w_3c3c632,3403
w_dac2f44,3404
w_1e3ce01,3405
w_dbd28fa,3406
w_263e243,3407
w_4da05cc,3408
w_ade77e6,3409
w_daf162a,3410
w_d97d54c,3411
w_ccc8e31,3412
w_1908442,3413
w_d9055d1,3414
w_f0db0ba,3415
w_6871147,3416
w_8d72578,3417
w_1facad2,3418
w_4c8e7ae,3419
w_7554f44,3420
w_d7760f0,3421
w_99c07e8,3422
w_2071a4c,3423
w_09558d4,3424
w_d7b85ec,3425
w_3d0bc7a,3426
w_03b5e9a,3427
w_477ccf5,3428
w_0c8967d,3429
w_ddf0c2c,3430
w_5bdcd94,3431
w_8b6fd36,3432
w_dfacbe7,3433
w_541b160,3434
w_7c91fa7,3435
w_206e903,3436
w_715c557,3437
w_679f2eb,3438
w_bf77b13,3439
w_75780a0,3440
w_c26666e,3441
w_65e2424,3442
w_76c1200,3443
w_f1177c9,3444
w_e594616,3445
w_59349ea,3446
w_7c943ab,3447
w_16f61aa,3448
w_e03755a,3449
w_4875b75,3450
w_a21cc97,3451
w_5dcbb74,3452
w_7c44934,3453
w_3e1a037,3454
w_2dea395,3455
w_6719a5b,3456
w_f79563e,3457
w_a8b5c0f,3458
w_83714b7,3459
w_25871da,3460
w_2168ae2,3461
w_c3684ba,3462
w_e62b5d8,3463
w_4a4bb3f,3464
w_1addcc2,3465
w_5be8e63,3466
w_7c7a78c,3467
w_8309df3,3468
w_cf24f84,3469
w_79c30e7,3470
w_ef89416,3471
w_c27d036,3472
w_b2e1722,3473
w_2709cfc,3474
w_fb270f3,3475
w_48f0410,3476
w_08ddb50,3477
w_0e81e60,3478
w_bdd0576,3479
w_2b0028d,3480
w_fa96a3d,3481
w_6047e81,3482
w_c9e1cdc,3483
w_a19eecd,3484
w_32915fe,3485
w_528e753,3486
w_0475042,3487
w_ccca0db,3488
w_f5eb6c6,3489
w_6710cf8,3490
w_da9f45c,3491
w_663a0d7,3492
w_7fe3551,3493
w_3a7d86d,3494
w_ca27f31,3495
w_5f84b1a,3496
w_21745f8,3497
w_a846944,3498
w_cd70e8b,3499
w_38de842,3500
w_993dbe8,3501
w_d6e437d,3502
w_ed3bd5b,3503
w_e59294d,3504
w_41a260a,3505
w_693c9ee,3506
w_302af0a,3507
w_0c6dbbe,3508
w_ee23a5f,3509
w_f1457b5,3510
w_35b01a5,3511
w_9321960,3512
w_5a1b758,3513
w_5ba417d,3514
w_373593e,3515
w_60c5e7e,3516
w_c0560ac,3517
w_87c4190,3518
w_379785d,3519
w_77d2aea,3520
w_73e1d5b,3521
w_9e862ac,3522
w_e39dcea,3523
w_7240516,3524
w_0ebd514,3525
w_ff70408,3526
w_7028d77,3527
w_8069cbb,3528
w_5bc5fc1,3529
w_24e2654,3530
w_0fea5a3,3531
w_096bc48,3532
w_813c5be,3533
w_1d970c9,3534
w_422420c,3535
w_c8728f4,3536
w_3e0f25d,3537
w_8a438a4,3538
w_e57b487,3539
w_4be8a3e,3540
w_b1d6681,3541
w_5dab8df,3542
w_2663598,3543
w_b6410bc,3544
w_8719b04,3545
w_81ff1c5,3546
w_9b4a5df,3547
w_847b884,3548
w_c0cfd5b,3549
w_2f97ce6,3550
w_d2f081f,3551
w_531d2e5,3552
w_44cb3ee,3553
w_1d37fb6,3554
w_018bc64,3555
w_87782a0,3556
w_c529cf1,3557
w_494dd45,3558
w_941581c,3559
w_57c8da9,3560
w_992c775,3561
w_b0e05b1,3562
w_e655c65,3563
w_4bf5a06,3564
w_1e75406,3565
w_6fcceaf,3566
w_a91b997,3567
w_861cc1c,3568
w_d84e006,3569
w_7c9fd46,3570
w_4a38a9f,3571
w_80fff4d,3572
w_bcad8eb,3573
w_fe6f08d,3574
w_6361632,3575
w_2f6ad07,3576
w_f30d2bd,3577
w_2ce9f0c,3578
w_8a31e6c,3579
w_a7202e1,3580
w_2bb8c37,3581
w_8de6989,3582
w_acc33ca,3583
w_d80e1bc,3584
w_d0932d8,3585
w_fcda065,3586
w_9d136ff,3587
w_b2374b8,3588
w_9927328,3589
w_2486665,3590
w_660629d,3591
w_cf8b725,3592
w_89317b0,3593
w_2386a5a,3594
w_5d2734c,3595
w_9890432,3596
w_d47a33f,3597
w_7538a4c,3598
w_37f17ad,3599
w_7a2dfd7,3600
w_331df94,3601
w_fcdc898,3602
w_bf65341,3603
w_d1917df,3604
w_5415fcb,3605
w_17a2610,3606
w_98507b5,3607
w_989fbbb,3608
w_88e679c,3609
w_8148b95,3610
w_f4e0748,3611
w_09d7946,3612
w_c206494,3613
w_5dc1c2d,3614
w_2e42cc0,3615
w_ab039e2,3616
w_b7ea0df,3617
w_c26b92a,3618
w_a34c992,3619
w_fc76ede,3620
w_a350727,3621
w_f12580c,3622
w_72b0d7f,3623
w_0e32aa2,3624
w_6c3d086,3625
w_cdda58e,3626
w_1698c29,3627
w_5810973,3628
w_e26c35f,3629
w_69e1d0a,3630
w_3a9ee71,3631
w_1638016,3632
w_96d9eaf,3633
w_45e8ea5,3634
w_dd393cb,3635
w_80b1c48,3636
w_ab4cae2,3637
w_fe49bc4,3638
w_544d0c1,3639
w_015c991,3640
w_640f91d,3641
w_2b969fe,3642
w_886eec7,3643
w_dad56c9,3644
w_41cd8bc,3645
w_120927e,3646
w_3d187b5,3647
w_8f1aa27,3648
w_afed305,3649
w_91b7c58,3650
w_d3ef4b2,3651
w_eadf1ec,3652
w_212ad82,3653
w_6166c99,3654
w_b820615,3655
w_e61dd6d,3656
w_7e8fb79,3657
w_4427216,3658
w_46a4473,3659
w_1cb2134,3660
w_76ebad6,3661
w_c9566b4,3662
w_88b5d47,3663
w_9291cdf,3664
w_17964ef,3665
w_5824675,3666
w_1b332ba,3667
w_a528ab1,3668
w_6611a71,3669
w_c027e4e,3670
w_945aefe,3671
w_91361f0,3672
w_e6541e4,3673
w_5f5ef4e,3674
w_983829b,3675
w_b95307d,3676
w_ef1517b,3677
w_984a3fa,3678
w_933f65c,3679
w_dd0c2e0,3680
w_3fc8361,3681
w_5ee752a,3682
w_eb8429c,3683
w_5fbef36,3684
w_674e03b,3685
w_7cd711c,3686
w_8f7b653,3687
w_2d1eb90,3688
w_ab1c859,3689
w_015e3cf,3690
w_ec67c71,3691
w_9bf57f8,3692
w_e4971dc,3693
w_0793503,3694
w_c45bfc3,3695
w_ce29d2a,3696
w_286ec5f,3697
w_013bbcf,3698
w_3c8eab1,3699
w_17377c9,3700
w_69e7dab,3701
w_fcd8828,3702
w_7440549,3703
w_cb38960,3704
w_88c4d5e,3705
w_ec853f1,3706
w_53f48f6,3707
w_452f14f,3708
w_80171b9,3709
w_c84409b,3710
w_f28de05,3711
w_e4b5d0b,3712
w_1e45a47,3713
w_469f571,3714
w_c053b99,3715
w_8cd7651,3716
w_f9bd832,3717
w_bd61ca9,3718
w_a4d41b4,3719
w_dd8299b,3720
w_6247b2e,3721
w_dab75ca,3722
w_53859b2,3723
w_871e32e,3724
w_1c432e7,3725
w_6c05e3b,3726
w_5297ab3,3727
w_520d618,3728
w_429e9ad,3729
w_3c7b2e6,3730
w_d25a717,3731
w_b4ad62f,3732
w_bc8d634,3733
w_8e92130,3734
w_c7efb86,3735
w_3ae3603,3736
w_0ba62fd,3737
w_30d8376,3738
w_53e9072,3739
w_e428015,3740
w_fc622c0,3741
w_eff7e35,3742
w_a155149,3743
w_4a81594,3744
w_a2b3d53,3745
w_108eb8b,3746
w_0f73c3c,3747
w_95af6a2,3748
w_1fd0d0e,3749
w_b9bfd4e,3750
w_c128384,3751
w_ce7c6c0,3752
w_76d2cce,3753
w_2dae424,3754
w_651cbb7,3755
w_7a53e0c,3756
w_fe4c603,3757
w_217e78a,3758
w_099c712,3759
w_8431164,3760
w_8158b1f,3761
w_35f0fd9,3762
w_008c602,3763
w_381c6aa,3764
w_e05ee50,3765
w_fbb485b,3766
w_1029f4e,3767
w_a3dfe32,3768
w_6992521,3769
w_adc6e1b,3770
w_4848a3c,3771
w_a2564cf,3772
w_488cdd8,3773
w_79581d3,3774
w_8e55648,3775
w_4378542,3776
w_4620de1,3777
w_71e851f,3778
w_a18d0dc,3779
w_0c3295a,3780
w_fb2c3fb,3781
w_dd2bd69,3782
w_8a0192f,3783
w_f2eb971,3784
w_f5cc2fd,3785
w_200a203,3786
w_a59075f,3787
w_c1540a3,3788
w_2b4da16,3789
w_5982299,3790
w_974ecab,3791
w_6418af0,3792
w_0970c7f,3793
w_8cf18ac,3794
w_817f022,3795
w_e54feba,3796
w_f8c3a63,3797
w_1aea445,3798
w_b9f5b8b,3799
w_e282300,3800
w_e6f5e09,3801
w_95c7d1b,3802
w_27cf4e2,3803
w_59db39b,3804
w_f83b1f9,3805
w_9f3e4f4,3806
w_684ca15,3807
w_9a6cbd9,3808
w_84feae3,3809
w_ac8329d,3810
w_9c61d57,3811
w_06972d2,3812
w_dee6441,3813
w_030294d,3814
w_6be343c,3815
w_a1e017f,3816
w_fdc8bf6,3817
w_3027b8f,3818
w_f0a4a2a,3819
w_db93738,3820
w_d148982,3821
w_b835ae1,3822
w_4a3032d,3823
w_b7fe199,3824
w_540fd73,3825
w_a1114ee,3826
w_f2a7635,3827
w_d6df554,3828
w_577e627,3829
w_9bcb0f8,3830
w_8cb7c5e,3831
w_e93d181,3832
w_66a03d3,3833
w_223cebd,3834
w_2085f2e,3835
w_4c3cd83,3836
w_c9dfa13,3837
w_5f43cde,3838
w_01a4234,3839
w_9ac8b97,3840
w_b6c0c65,3841
w_ef67a6c,3842
w_b34793e,3843
w_06dbe6b,3844
w_79071e8,3845
w_a18c856,3846
w_1f95205,3847
w_def715a,3848
w_b71d930,3849
w_04c841c,3850
w_db9dd51,3851
w_d37b55b,3852
w_f2ef6f8,3853
w_70daaba,3854
w_244bd92,3855
w_735675e,3856
w_84fcae8,3857
w_078b0e7,3858
w_a89920b,3859
w_7248590,3860
w_159f36b,3861
w_7394d75,3862
w_3650949,3863
w_414c24a,3864
w_fc15159,3865
w_0e30df6,3866
w_e0c6ead,3867
w_70a31ce,3868
w_5102893,3869
w_ef2f0f0,3870
w_f6b952e,3871
w_8f6b207,3872
w_8697f5f,3873
w_6dc7db6,3874
w_8596faf,3875
w_cda4b05,3876
w_de2ff33,3877
w_01687a8,3878
w_6545984,3879
w_2eabd5a,3880
w_91faa95,3881
w_544f7e7,3882
w_e0f6444,3883
w_37372db,3884
w_002b682,3885
w_1287fbc,3886
w_a9f41fd,3887
w_dd60c18,3888
w_0fecdf7,3889
w_5fda054,3890
w_5bdb7c2,3891
w_bbf58a9,3892
w_c263d43,3893
w_4b7b80b,3894
w_beab972,3895
w_7f40920,3896
w_397e3db,3897
w_5557280,3898
w_0de84f0,3899
w_f37508c,3900
w_0b7e949,3901
w_29f00ae,3902
w_7cca153,3903
w_9dc4181,3904
w_22bcbd6,3905
w_cf669dc,3906
w_029013f,3907
w_3db53dc,3908
w_7ad249d,3909
w_901363f,3910
w_7e9e89f,3911
w_fcff830,3912
w_0faef4d,3913
w_6cef37c,3914
w_38efce7,3915
w_a2660fd,3916
w_eb0a6ed,3917
w_823fcbb,3918
w_851a7f4,3919
w_6556c5c,3920
w_4408e45,3921
w_dace6e9,3922
w_c207f9d,3923
w_f099dc8,3924
w_cb32cb8,3925
w_5fcee47,3926
w_5cc2285,3927
w_9868b95,3928
w_8f28757,3929
w_0be0d81,3930
w_0087fdd,3931
w_397cb24,3932
w_24212f5,3933
w_3572e7e,3934
w_a646643,3935
w_77f3e70,3936
w_bc62c0e,3937
w_493c000,3938
w_a1fe45d,3939
w_43340c5,3940
w_57186e5,3941
w_1d17e8c,3942
w_6751cb2,3943
w_867c9e1,3944
w_91b5f87,3945
w_46e45e6,3946
w_2b28681,3947
w_c6ac89b,3948
w_1539fee,3949
w_3136deb,3950
w_4041a7b,3951
w_a2f5cc0,3952
w_4be373e,3953
w_61ffd2c,3954
w_9b318aa,3955
w_20848b7,3956
w_c2ea3f0,3957
w_2901dbf,3958
w_ddbf533,3959
w_5317c46,3960
w_0d8fb3f,3961
w_9496577,3962
w_d080f35,3963
w_e5ed2d6,3964
w_2901987,3965
w_652e069,3966
w_479e3e5,3967
w_dcb1f2a,3968
w_3e1ccc9,3969
w_95f9670,3970
w_5dbe64d,3971
w_37374fa,3972
w_517a3bc,3973
w_972f231,3974
w_fd587bc,3975
w_999275d,3976
w_5a8e397,3977
w_6485cd4,3978
w_f660d7d,3979
w_47148ca,3980
w_2282bb8,3981
w_5a0d250,3982
w_c02ac49,3983
w_598874c,3984
w_5e99ca7,3985
w_6e8486d,3986
w_103488f,3987
w_f663b5e,3988
w_8d83172,3989
w_5e04db0,3990
w_8489554,3991
w_5dd4772,3992
w_f6fb689,3993
w_0be82ee,3994
w_c6c73b2,3995
w_a91600a,3996
w_41ed8e8,3997
w_b4eeae6,3998
w_9694b9d,3999
w_9ae554b,4000
w_88cb2dd,4001
w_7e4d894,4002
w_9854838,4003
w_4759be5,4004
w_e09d8cf,4005
w_b0aed4a,4006
w_99ad599,4007
w_7a8ce5a,4008
w_e3f7187,4009
w_f44277f,4010
w_b478c13,4011
w_90f74ae,4012
w_adb041c,4013
w_fdcfcea,4014
w_94c6edb,4015
w_97e63b3,4016
w_14970b4,4017
w_7158e92,4018
w_1a5e7a2,4019
w_cb05f37,4020
w_c6be61e,4021
w_72f25c9,4022
w_50e125b,4023
w_aa67f17,4024
w_0eb2886,4025
w_e3c1ec4,4026
w_de3cab3,4027
w_7538922,4028
w_e7f8e67,4029
w_7a3a328,4030
w_778ee6e,4031
w_436a924,4032
w_71ec55a,4033
w_43b50e5,4034
w_7b69289,4035
w_becdfdc,4036
w_b2f1afa,4037
w_49a7077,4038
w_e115a81,4039
w_69185bb,4040
w_3331656,4041
w_449503f,4042
w_d249ed6,4043
w_2a04ceb,4044
w_3461d6d,4045
w_5fa315f,4046
w_6e7262e,4047
w_85cdd9b,4048
w_ebb16ab,4049
w_05396d8,4050
w_22fa4ad,4051
w_42c631a,4052
w_307065e,4053
w_515838e,4054
w_bc93297,4055
w_208de0e,4056
w_92585eb,4057
w_bbd9409,4058
w_0824736,4059
w_8464638,4060
w_f6d425e,4061
w_d0b3293,4062
w_e3c119c,4063
w_fcfcf68,4064
w_74de378,4065
w_231a0c8,4066
w_4a7080a,4067
w_0f49f09,4068
w_4f0676a,4069
w_dab33f6,4070
w_c61ed17,4071
w_fea7fe6,4072
w_37523b2,4073
w_e09e886,4074
w_a24f581,4075
w_f7bf28d,4076
w_3fc3d07,4077
w_17b33ae,4078
w_c30959a,4079
w_d0b237f,4080
w_d4a27fb,4081
w_a16b600,4082
w_9d5f5cc,4083
w_c7d76c6,4084
w_58cb087,4085
w_1f2a32a,4086
w_d35355e,4087
w_2270691,4088
w_2952678,4089
w_1854334,4090
w_8f1946f,4091
w_d7d60f9,4092
w_8ebbe56,4093
w_1b5989e,4094
w_d6b7115,4095
w_4c8244d,4096
w_7b1686d,4097
w_6aad777,4098
w_e6b3dd4,4099
w_e0efc4f,4100
w_47f29cd,4101
w_ed6da70,4102
w_e62680c,4103
w_1cca86d,4104
w_f6411ea,4105
w_dbb315c,4106
w_305ed07,4107
w_616ca36,4108
w_797e546,4109
w_73321ab,4110
w_95aad92,4111
w_5f2b407,4112
w_a25caa9,4113
w_542f8ca,4114
w_5cb5e65,4115
w_2527790,4116
w_462a117,4117
w_6c9a524,4118
w_9b098ea,4119
w_5f6fb4e,4120
w_5a5c560,4121
w_43be268,4122
w_96ba432,4123
w_a700fc9,4124
w_be3c0f5,4125
w_8e97748,4126
w_0e737d0,4127
w_f2b8caf,4128
w_43966a3,4129
w_f4e03d4,4130
w_3326396,4131
w_44237e0,4132
w_dc001f8,4133
w_6863829,4134
w_a1a707e,4135
w_62aed54,4136
w_27fc5d3,4137
w_f0612be,4138
w_97493dd,4139
w_142402e,4140
w_1d96560,4141
w_7946258,4142
w_6d7c852,4143
w_b2d937a,4144
w_da1cc7a,4145
w_55c9a3b,4146
w_f79b3f9,4147
w_3ca387d,4148
w_17136dc,4149
w_ea9a921,4150
w_d10c9ff,4151
w_3549f7a,4152
w_7ed0d17,4153
w_ffdab7a,4154
w_a14d6d8,4155
w_2cb8996,4156
w_9ff699b,4157
w_bb2501a,4158
w_108670b,4159
w_a06bdc4,4160
w_c068ed3,4161
w_51969d2,4162
w_e5c4335,4163
w_22f0a7d,4164
w_8d4654f,4165
w_18df014,4166
w_05ec84e,4167
w_39c7462,4168
w_a4678de,4169
w_fbcb6e4,4170
w_0827d51,4171
w_85755f7,4172
w_5ae47d9,4173
w_73185e4,4174
w_c98f439,4175
w_df82632,4176
w_33e89be,4177
w_4ae9b0a,4178
w_8957420,4179
w_3e1ba5b,4180
w_58bca3c,4181
w_bc5beaa,4182
w_c8126db,4183
w_42cc88d,4184
w_daec6d3,4185
w_977d881,4186
w_e24a84d,4187
w_5a2075e,4188
w_2d963bb,4189
w_50d2084,4190
w_a38d1a3,4191
w_4b1fad6,4192
w_b05f565,4193
w_ff2c4a4,4194
w_212b985,4195
w_dd52cfc,4196
w_3c27f42,4197
w_d02787f,4198
w_7ca11d6,4199
w_f6086ac,4200
w_3090f78,4201
w_ff5538f,4202
w_fad83c7,4203
w_fc61767,4204
w_7904cff,4205
w_9db9ef5,4206
w_7a336b4,4207
w_308bd26,4208
w_96c6151,4209
w_c97ece6,4210
w_98d4838,4211
w_0ee4d6d,4212
w_a59221a,4213
w_f2e9055,4214
w_8a3449f,4215
w_b197b5c,4216
w_bc93e4a,4217
w_5e25f9f,4218
w_e5250e9,4219
w_d28471d,4220
w_34942b2,4221
w_73b26b7,4222
w_8e92baa,4223
w_ce9b95e,4224
w_c5333e2,4225
w_ebf9290,4226
w_dcd7a1d,4227
w_5126776,4228
w_f0f0dbb,4229
w_7edcfa5,4230
w_7cc620b,4231
w_7b5a630,4232
w_fe96bef,4233
w_08d1ccd,4234
w_cb7d1b5,4235
w_b440303,4236
w_8507226,4237
w_6aa5e66,4238
w_1deadd7,4239
w_d26cc27,4240
w_d19a884,4241
w_e4616da,4242
w_7f5f0c9,4243
w_1a70685,4244
w_a71aa99,4245
w_5d86dc6,4246
w_d96a0cd,4247
w_00d8453,4248
w_e8a6c4b,4249
w_7ecd94c,4250
