label,cls
0,w_034a3fd
1,w_fda4fc5
2,w_026fdf8
3,w_25d7f93
4,w_91faa95
5,w_d1d8f98
6,w_5cc51d6
7,w_f90b695
8,w_a43fcbb
9,w_74207f0
10,w_14c8f15
11,w_c7b05e7
12,w_a85a3c9
13,w_4a4bb3f
14,w_bbf58a9
15,w_7234b3d
16,w_32037e2
17,w_eb458bf
18,w_434ad6a
19,w_9dc6e7f
20,w_2f6ad07
21,w_ba92e42
22,w_8de6989
23,w_73b705e
24,w_1c32062
25,w_ad370e1
26,w_7a53e0c
27,w_97982cf
28,w_a14d6d8
29,w_3fdab94
30,w_248af0b
31,w_04feee0
32,w_8b22583
33,w_8f1aa27
34,w_3cdf114
35,w_5d732da
36,w_a190b3b
37,w_b5ea8a0
38,w_6c3d086
39,w_c207f9d
40,w_ba53619
41,w_3197568
42,w_37372db
43,w_3a78626
44,w_3947b78
45,w_5d06bc3
46,w_ea6651e
47,w_4ae36a5
48,w_6e7262e
49,w_d037229
50,w_6f211a9
51,w_4e68ddc
52,w_19c29aa
53,w_1aa512b
54,w_3a47dba
55,w_91e86c4
56,w_813c5be
57,w_674e03b
58,w_2527790
59,w_df22ff1
60,w_19e5482
61,w_5c6215c
62,w_c90c37a
63,w_452400e
64,w_ae0ab55
65,w_2b930da
66,w_fa69bb8
67,w_ef89b72
68,w_75378d3
69,w_1d970c9
70,w_ace34dc
71,w_231a0c8
72,w_4e0eaa1
73,w_8a2793e
74,w_ca3bb23
75,w_532fb22
76,w_4be373e
77,w_24e2654
78,w_2cca6a1
79,w_5eb0ca9
80,w_51969d2
81,w_5f5ef4e
82,w_e2d0aaa
83,w_cfe35d4
84,w_62f299e
85,w_6556c5c
86,w_2cb8996
87,w_c583383
88,w_71bfc77
89,w_3f90907
90,w_34a0eab
91,w_588d5d7
92,w_0175a35
93,w_82ed7a7
94,w_ca54a51
95,w_39cfc71
96,w_976a54b
97,w_81b402a
98,w_d7760f0
99,w_9ac8b97
100,w_750dc93
101,w_479e3e5
102,w_f6411ea
103,w_1b1c32f
104,w_7ba4b5a
105,w_d430a78
106,w_1606afc
107,w_777546c
108,w_4785de7
109,w_1431f4b
110,w_f3bd33a
111,w_9d9913a
112,w_c2580ef
113,w_31a93e7
114,w_d26cc27
115,w_e0ba9ae
116,w_92f705d
117,w_9548fcf
118,w_3e6a161
119,w_eaeb1f0
120,w_6ae1eaf
121,w_9023f3b
122,w_11ca856
123,w_1e45a47
124,w_cb05f37
125,w_e9cacbf
126,w_e282300
127,w_afbc150
128,w_a687e28
129,w_cbda4ca
130,w_4a9ee0f
131,w_e8778ce
132,w_6fa41e8
133,w_01f211f
134,w_6611a71
135,w_046a210
136,w_cb32cb8
137,w_52b0438
138,w_19212f0
139,w_e17b0f1
140,w_895c722
141,w_41fa033
142,w_17dc953
143,w_a71aa99
144,w_97eaa0e
145,w_ffb4e3d
146,w_0be82ee
147,w_a9f41fd
148,w_d97d54c
149,w_f78c287
150,w_048f7a9
151,w_15427c3
152,w_17411dd
153,w_fa96a3d
154,w_93bf889
155,w_d0157fd
156,w_e4b5d0b
157,w_46e45e6
158,w_9a21f34
159,w_61fbb66
160,w_64830fa
161,w_6926f08
162,w_e7f8e67
163,w_384e9ca
164,w_980bb1a
165,w_cb2f78e
166,w_f95ef7c
167,w_bccfcc1
168,w_593485f
169,w_b41e229
170,w_0b4bd89
171,w_3f907d6
172,w_adc62bc
173,w_a5431ca
174,w_3e02970
175,w_8459e39
176,w_ed10a36
177,w_0d39a68
178,w_82c9c67
179,w_8c1ec28
180,w_ade77e6
181,w_dd393cb
182,w_5d6786e
183,w_ae1db8a
184,w_f8c3a63
185,w_33f5747
186,w_7ecd94c
187,w_4f217e3
188,w_f75302f
189,w_f1a4389
190,w_afed305
191,w_015c991
192,w_9872479
193,w_d8384bf
194,w_8489554
195,w_cf8b725
196,w_2f54c3c
197,w_96d9eaf
198,w_42ab867
199,w_4e2652d
200,w_6c23fcc
201,w_0e30df6
202,w_0308405
203,w_a29719a
204,w_0fecdf7
205,w_7248590
206,w_2e4fecc
207,w_74adf0b
208,w_a402e24
209,w_32602d9
210,w_7c8620c
211,w_2ceab05
212,w_5b99089
213,w_f672e01
214,w_2739d94
215,w_61b5906
216,w_008c602
217,w_193b7e3
218,w_90a743c
219,w_82bb763
220,w_fb89186
221,w_d428980
222,w_8fb79a2
223,w_507e610
224,w_1235317
225,w_62ca7c8
226,w_5e0e662
227,w_25a38b8
228,w_3fe1eb9
229,w_847088b
230,w_ca56bf3
231,w_2f81b85
232,w_e45bc18
233,w_77aca60
234,w_c11fce0
235,w_f9038ed
236,w_20f86e1
237,w_2dbb0fe
238,w_c179af9
239,w_99365b3
240,w_099c712
241,w_7c7a78c
242,w_8376b7e
243,w_6ef68ed
244,w_0408054
245,w_da1cc7a
246,w_fb99d39
247,w_572033c
248,w_e3c1ec4
249,w_76d2cce
250,w_5b576a0
251,w_8166c79
252,w_5d96ba4
253,w_3ee3d16
254,w_14ba846
255,w_17e8554
256,w_6c9a524
257,w_4dd966d
258,w_1287fbc
259,w_349fcbc
260,w_6132293
261,w_50a6e73
262,w_8a98ddb
263,w_1a62e1f
264,w_279b255
265,w_5824675
266,w_7538922
267,w_2dc2ef2
268,w_cd04e1c
269,w_2881995
270,w_c352046
271,w_3ff6029
272,w_15d7ecf
273,w_0c70bc3
274,w_00c4901
275,w_8238d51
276,w_6361632
277,w_b1d6681
278,w_e988011
279,w_17ee910
280,w_844f032
281,w_c0648b9
282,w_4e52a49
283,w_16ad10e
284,w_de73d45
285,w_447643b
286,w_92585eb
287,w_ae92124
288,w_18a1bf2
289,w_fab0a22
290,w_17e592c
291,w_599d0df
292,w_a35191f
293,w_c87c10b
294,w_578a509
295,w_8392ae9
296,w_be32bec
297,w_44fc081
298,w_69e88da
299,w_b2d937a
300,w_53064a6
301,w_e4f1fcc
302,w_f64cf8a
303,w_89f4a0c
304,w_63d5016
305,w_1b332ba
306,w_4fcfa4d
307,w_3c8eab1
308,w_3350425
309,w_675e8e9
310,w_010a1fa
311,w_f50ee01
312,w_50eb157
313,w_17a3581
314,w_f104523
315,w_9d5f5cc
316,w_a3d72f9
317,w_b2ba967
318,w_bc7e06a
319,w_655bba3
320,w_4e505cc
321,w_5dcbb74
322,w_4c8cd1c
323,w_24bdae3
324,w_6aad777
325,w_a8335f2
326,w_f843c4d
327,w_62c3998
328,w_d080f35
329,w_1b6d171
330,w_616ca36
331,w_51cdd4b
332,w_0fce9a3
333,w_6734e40
334,w_6e1b161
335,w_4620de1
336,w_ab39440
337,w_94cd45e
338,w_515d21d
339,w_b1a4f29
340,w_d8e681c
341,w_068f5bd
342,w_20eb13c
343,w_7233641
344,w_f438375
345,w_c6823b1
346,w_8cb7c5e
347,w_8c1e2e4
348,w_528e753
349,w_7875b79
350,w_b2e1722
351,w_c9e1cdc
352,w_e6ced04
353,w_49bb827
354,w_1924883
355,w_002222a
356,w_a41d931
357,w_2d1eb90
358,w_313b78a
359,w_a0838d1
360,w_c3d523d
361,w_941581c
362,w_6a3210a
363,w_ea90267
364,w_35063ed
365,w_a964291
366,w_daec6d3
367,w_013bbcf
368,w_b71d930
369,w_fa32440
370,w_d3857a6
371,w_469f571
372,w_30f095d
373,w_705e0fb
374,w_7778174
375,w_a481883
376,w_520d618
377,w_b970272
378,w_1febbf3
379,w_222dcb7
380,w_4848a3c
381,w_6c9aa21
382,w_395f5e7
383,w_3c0bbac
384,w_f256b56
385,w_540fd73
386,w_b9bfd4e
387,w_009dc00
388,w_d6a6360
389,w_f87b77b
390,w_9947243
391,w_c59d04b
392,w_a31635b
393,w_216f61f
394,w_76c1200
395,w_5ba417d
396,w_050d056
397,w_f9083fe
398,w_3f904cf
399,w_cd38536
400,w_aa16da4
401,w_a71b714
402,w_f544197
403,w_0e25cf2
404,w_2d99a0c
405,w_c9ba30c
406,w_ad32646
407,w_a400ddd
408,w_f563449
409,w_950b5cf
410,w_dff77b6
411,w_5f68f56
412,w_d984eb7
413,w_3172910
414,w_133ecf4
415,w_de4daff
416,w_62ec01b
417,w_8601045
418,w_b75f378
419,w_e33bb21
420,w_d4ab7ad
421,w_4041a7b
422,w_8c408dc
423,w_f79563e
424,w_52eecb4
425,w_40e3ee7
426,w_2757f01
427,w_da9254f
428,w_eb44149
429,w_0771d4b
430,w_9605bf1
431,w_ce425e5
432,w_0f96780
433,w_bf38f05
434,w_f283381
435,w_693c9ee
436,w_3d187b5
437,w_dd76ce2
438,w_0a91f24
439,w_5e57e8b
440,w_ddf3c52
441,w_fe49bc4
442,w_5d86f98
443,w_6a78025
444,w_3d4900b
445,w_fd587bc
446,w_3090f78
447,w_dad23fa
448,w_4d98ef7
449,w_8d4654f
450,w_3cf3853
451,w_e449d3a
452,w_b0362e2
453,w_2222ef0
454,w_b9beaf5
455,w_d19a884
456,w_5dd4772
457,w_df834bf
458,w_84f9c41
459,w_f0bb383
460,w_2039053
461,w_7538a4c
462,w_ba4cd1a
463,w_9df0865
464,w_108eb8b
465,w_ea99623
466,w_6abc013
467,w_a232f9e
468,w_a2a1378
469,w_2c19c4a
470,w_02fce90
471,w_bb6afc8
472,w_9967edd
473,w_9329807
474,w_4f94f26
475,w_d95069e
476,w_5dfafa5
477,w_339c8ae
478,w_d22af00
479,w_f014da3
480,w_62f804d
481,w_e8bce8a
482,w_6a3ca27
483,w_eb9ab29
484,w_6df35bf
485,w_b8c9a29
486,w_def715a
487,w_c84551d
488,w_7ed0d17
489,w_5f215db
490,w_96b8436
491,w_0f9166e
492,w_affdf5d
493,w_ebe0ad5
494,w_2730966
495,w_d889b6a
496,w_1a4ae2c
497,w_4f82020
498,w_0f00e71
499,w_f4224b9
500,w_79b42cd
501,w_33e7def
502,w_09dd18c
503,w_fac9864
504,w_a8458c8
505,w_b5144b0
506,w_09c1e0b
507,w_3f5e7fc
508,w_3e1ccc9
509,w_b197b5c
510,w_f9fb9d7
511,w_86a7464
512,w_53951e6
513,w_dd5df89
514,w_5fcee47
515,w_4e85c68
516,w_b68d041
517,w_db2baec
518,w_471cca4
519,w_1698c29
520,w_4659761
521,w_d6df554
522,w_9e862ac
523,w_1f95205
524,w_e6b3dd4
525,w_9ff699b
526,w_69e998f
527,w_cef1b93
528,w_6249f5d
529,w_2c3f440
530,w_3608443
531,w_91572bb
532,w_bbcafb8
533,w_5797d05
534,w_2c75202
535,w_b4732ef
536,w_f763429
537,w_ee22376
538,w_dff2982
539,w_bdfd16e
540,w_b6e6392
541,w_24ad46c
542,w_2482b4a
543,w_39a31a8
544,w_0819271
545,w_c529cf1
546,w_3feb2df
547,w_39043c9
548,w_c5e6997
549,w_a51a6d6
550,w_17370ba
551,w_49a7077
552,w_718bffc
553,w_4403803
554,w_b9ee5ec
555,w_4e7e512
556,w_7637760
557,w_a13ada3
558,w_2863d51
559,w_1d4f970
560,w_aa446ad
561,w_4c8e7ae
562,w_517a3bc
563,w_8ba2066
564,w_f37508c
565,w_bc3fd54
566,w_59866ca
567,w_fe19618
568,w_44f66a7
569,w_fe96bef
570,w_f229b69
571,w_d3a5075
572,w_ff39e03
573,w_992c775
574,w_f334363
575,w_8e23e4c
576,w_80c5f01
577,w_94e1ed4
578,w_c9eb806
579,w_660629d
580,w_61d516e
581,w_4b95330
582,w_2e977e2
583,w_20e863f
584,w_2554558
585,w_41ec10a
586,w_b7a832a
587,w_da64f8d
588,w_29670e2
589,w_4fdaa2a
590,w_cff28c4
591,w_22bb9b3
592,w_933f65c
593,w_be3c0f5
594,w_6af9dd7
595,w_8fd5636
596,w_3136deb
597,w_9c8e377
598,w_d89f317
599,w_db474c7
600,w_d141590
601,w_ad3dd0b
602,w_f0af1f8
603,w_c10ffe9
604,w_6dc7db6
605,w_bcb0696
606,w_f60c7e8
607,w_3cc4e90
608,w_496c4f0
609,w_ec38983
610,w_48c9deb
611,w_0134192
612,w_6f2309d
613,w_03b5e9a
614,w_f2b5de1
615,w_63fc906
616,w_733fe81
617,w_6b4af70
618,w_206e903
619,w_aff0877
620,w_158eeb9
621,w_e6f2c2d
622,w_26edeb8
623,w_372909c
624,w_f0612be
625,w_4655b25
626,w_1911cbb
627,w_01a99a5
628,w_41901e5
629,w_6865ccb
630,w_469e847
631,w_7e8b270
632,w_b80d2cb
633,w_e64ad53
634,w_a6e8d03
635,w_45aac7a
636,w_74cde8b
637,w_72f25c9
638,w_7cca153
639,w_001ebbc
640,w_d10c9ff
641,w_b638c8f
642,w_84feae3
643,w_ce7c6c0
644,w_f4219e3
645,w_87782a0
646,w_41c0098
647,w_1dc66b7
648,w_ca40961
649,w_2ac8b4d
650,w_fdf60bb
651,w_e63fbbe
652,w_b1acbb9
653,w_b478c13
654,w_482d9d6
655,w_e2241ce
656,w_d58a303
657,w_7d9642c
658,w_d663f4f
659,w_1efd2a9
660,w_2c3163b
661,w_2c46a73
662,w_5646ae9
663,w_fd1308e
664,w_91d9cd0
665,w_6ee7470
666,w_10bea88
667,w_542f8ca
668,w_9b401eb
669,w_011d4b5
670,w_3297a52
671,w_540bf45
672,w_4b16688
673,w_be4d5b8
674,w_dd0c2e0
675,w_7459706
676,w_8420f42
677,w_9f02482
678,w_90f5d3b
679,w_408c5a7
680,w_4875b75
681,w_c13a4e3
682,w_cc22f68
683,w_70a31ce
684,w_da9f45c
685,w_5436d75
686,w_e6f746e
687,w_5b5a85d
688,w_4133134
689,w_d35355e
690,w_fa8b1ac
691,w_e700deb
692,w_a8bc2bc
693,w_2e872af
694,w_19f0b15
695,w_99c07e8
696,w_aa64cc1
697,w_75780a0
698,w_25871da
699,w_15db29f
700,w_dd2bd69
701,w_dab75ca
702,w_5b8f282
703,w_bc9dc37
704,w_6232813
705,w_524f51e
706,w_35eb420
707,w_adeee48
708,w_060d2c8
709,w_2bba8c8
710,w_f932abc
711,w_83b5e33
712,w_b9e0ae0
713,w_dfafffd
714,w_53ed912
715,w_cd70e8b
716,w_5f6fb4e
717,w_eb7c39f
718,w_4e11add
719,w_73185e4
720,w_fc67b72
721,w_5fbef36
722,w_79f7d21
723,w_7e841fa
724,w_e3bb130
725,w_961ba76
726,w_ccbc782
727,w_a2eb1bb
728,w_5fc5ea5
729,w_48a5b86
730,w_8ea1699
731,w_e214820
732,w_56ccad1
733,w_05396d8
734,w_c84409b
735,w_ae27ddc
736,w_80b1c48
737,w_2d963bb
738,w_2ea9744
739,w_c6b5519
740,w_06f85b2
741,w_d7ffaf2
742,w_9dcf002
743,w_230a0de
744,w_441bd21
745,w_014a645
746,w_8e4fa60
747,w_b3655a6
748,w_9e559ff
749,w_67a3a92
750,w_4659acf
751,w_5f8c5d3
752,w_8b1cd49
753,w_f7bf28d
754,w_3fc7f1e
755,w_c4c00ed
756,w_c0d494d
757,w_0b3b659
758,w_8309df3
759,w_92e7841
760,w_11c504f
761,w_1cb2134
762,w_9875c12
763,w_c0560ac
764,w_15b9665
765,w_93d42a1
766,w_1fa0ee5
767,w_b05c57f
768,w_56ddb00
769,w_96ba432
770,w_0b0d88d
771,w_7417b12
772,w_03a2ed7
773,w_d67071c
774,w_b693f13
775,w_5ea3410
776,w_72b0a6b
777,w_796eebc
778,w_71e851f
779,w_451f507
780,w_86b3de4
781,w_9236aac
782,w_3674103
783,w_0c45f5e
784,w_cb8edf5
785,w_488cdd8
786,w_7ef90f7
787,w_e3b3ade
788,w_211aa88
789,w_7294a6a
790,w_5abb7d5
791,w_06c470d
792,w_5f9fd41
793,w_ba5336c
794,w_e0f6444
795,w_3b483d3
796,w_8861715
797,w_5d84c65
798,w_df7485b
799,w_48f0410
800,w_45e8ea5
801,w_2c6fe6f
802,w_29fc08a
803,w_6202983
804,w_49c9417
805,w_40323ac
806,w_d465e44
807,w_056be75
808,w_d6fdb03
809,w_35453e0
810,w_3dd89d0
811,w_a11d17e
812,w_4863ed9
813,w_531d2e5
814,w_b283b00
815,w_fccb97a
816,w_bf4880a
817,w_aed6a9a
818,w_b5d8846
819,w_bbc2a14
820,w_ebf3f26
821,w_d37b55b
822,w_a358522
823,w_c3aaa3a
824,w_00cb685
825,w_dfcf7fe
826,w_a5c5f2d
827,w_4e7fc3e
828,w_f1396bd
829,w_28c8f60
830,w_aaf443d
831,w_601b6d4
832,w_02c2248
833,w_b05f565
834,w_6dd7c3d
835,w_44beff0
836,w_5cb5e65
837,w_1c3cecd
838,w_88c4d5e
839,w_d4b90bf
840,w_eb5b6aa
841,w_3076d8c
842,w_847b884
843,w_f70bf4d
844,w_15d1235
845,w_8d300c3
846,w_8103039
847,w_b952580
848,w_8963cff
849,w_ebc5837
850,w_15eae33
851,w_07abdff
852,w_0f73c3c
853,w_80bae3a
854,w_515838e
855,w_159f36b
856,w_01687a8
857,w_661dacb
858,w_e0799da
859,w_0c8a724
860,w_8431164
861,w_1da7080
862,w_92be3ca
863,w_719011d
864,w_5f0a14c
865,w_126653d
866,w_2a9727c
867,w_8f776ed
868,w_fd628f1
869,w_82dabf6
870,w_655efb0
871,w_423e872
872,w_d676d44
873,w_8a7b9c8
874,w_98f0e93
875,w_e4df90a
876,w_244bd92
877,w_3d66298
878,w_24823e2
879,w_e6f5e09
880,w_e4c7fac
881,w_290f82b
882,w_0dc176f
883,w_8ecd3a7
884,w_0fe48f3
885,w_8a0192f
886,w_a62f211
887,w_5054c6a
888,w_32401f6
889,w_9d2ded8
890,w_0e737d0
891,w_0fa8587
892,w_175536a
893,w_5a8e397
894,w_eb47189
895,w_ab1c859
896,w_5575c58
897,w_ccc8e31
898,w_3d2724b
899,w_8643ba3
900,w_c6b1412
901,w_681dba6
902,w_67f61c7
903,w_c7f1975
904,w_52a8436
905,w_6163581
906,w_27b9e86
907,w_a7c6cf3
908,w_8069cbb
909,w_5e99ca7
910,w_b922593
911,w_a20c1e5
912,w_2c83e22
913,w_e10dff3
914,w_b0a5c8d
915,w_8507226
916,w_002dc11
917,w_e00a916
918,w_facffea
919,w_f792125
920,w_8691e58
921,w_3b0894d
922,w_a7f847f
923,w_00b621b
924,w_6cec53c
925,w_af18c29
926,w_f6086ac
927,w_8c1dab2
928,w_f208155
929,w_88f57d0
930,w_5a6d315
931,w_71e6583
932,w_33fc58d
933,w_36eb0b1
934,w_b738048
935,w_94ba67d
936,w_91b7c58
937,w_4a81594
938,w_effd0ea
939,w_4d358e5
940,w_19aeb9c
941,w_8e93d0e
942,w_477ccf5
943,w_d52bc74
944,w_ddb4c8d
945,w_7b035cc
946,w_a4d37d5
947,w_3f0f6ba
948,w_0d60fdd
949,w_47148ca
950,w_d775c6f
951,w_c5d7c03
952,w_8114b1b
953,w_fd698a3
954,w_b624ed1
955,w_dfacbe7
956,w_5ae47d9
957,w_6e7b28b
958,w_b729b1f
959,w_12f2352
960,w_f183341
961,w_a4f1419
962,w_eb8429c
963,w_13249f1
964,w_5810973
965,w_e115a81
966,w_bc62c0e
967,w_ab4f3dd
968,w_09f9fd3
969,w_76390b4
970,w_d915632
971,w_efbb71a
972,w_feab6f3
973,w_0c3295a
974,w_560661c
975,w_fcf5284
976,w_7b1eaa6
977,w_3b8b9c7
978,w_0970c7f
979,w_2b6cfa6
980,w_58cb087
981,w_dbda0d6
982,w_286ec5f
983,w_136653f
984,w_837646b
985,w_1d0e29a
986,w_af5d11a
987,w_9321960
988,w_cb5ea24
989,w_93bf5f4
990,w_76923e4
991,w_238bbbf
992,w_50cd600
993,w_d782e1b
994,w_ee948c6
995,w_a5a13d0
996,w_c26b92a
997,w_bc68c30
998,w_20da4cf
999,w_acbc912
1000,w_8a4b8ef
1001,w_434195c
1002,w_cc699e6
1003,w_6a1198e
1004,w_d1b13bb
1005,w_42addf7
1006,w_962164f
1007,w_a0149f9
1008,w_b71eab2
1009,w_a155149
1010,w_b067417
1011,w_c2ea3f0
1012,w_92b35ca
1013,w_8e92130
1014,w_f6bd6f8
1015,w_4f28a45
1016,w_095f58d
1017,w_8b2cc42
1018,w_70db0f2
1019,w_b9417ee
1020,w_0cc4a2b
1021,w_cc8d317
1022,w_1c432e7
1023,w_d94c323
1024,w_2d09595
1025,w_1c3e5da
1026,w_3ed4763
1027,w_0bc1db0
1028,w_3331656
1029,w_e07f3d1
1030,w_208de0e
1031,w_7d819df
1032,w_43eea34
1033,w_7ca11d6
1034,w_798bf53
1035,w_f19faeb
1036,w_059ac60
1037,w_ede13b5
1038,w_3e57104
1039,w_5d2734c
1040,w_b2374b8
1041,w_e8a9fb8
1042,w_0899118
1043,w_0f2f6e6
1044,w_bda2856
1045,w_92c6140
1046,w_6b3402d
1047,w_2d25d1f
1048,w_3a9ee71
1049,w_930bc39
1050,w_cf3c233
1051,w_5415fcb
1052,w_6247b2e
1053,w_1eafe46
1054,w_a789d49
1055,w_22f0a7d
1056,w_f5cc2fd
1057,w_4b83ce2
1058,w_9b4a5df
1059,w_dfbfe10
1060,w_17a2610
1061,w_999275d
1062,w_f207f7d
1063,w_9205d40
1064,w_6863829
1065,w_01ab6dc
1066,w_9a94e29
1067,w_33c8db8
1068,w_7f4cd72
1069,w_75f217b
1070,w_373c114
1071,w_d9787aa
1072,w_c4f3619
1073,w_c167245
1074,w_8716ad9
1075,w_f2c9e07
1076,w_9ae554b
1077,w_0f16be3
1078,w_9c449e2
1079,w_6ac4f07
1080,w_05b2ddd
1081,w_2a939eb
1082,w_8533569
1083,w_e24a84d
1084,w_5dc538d
1085,w_b942708
1086,w_4e54fac
1087,w_cd788c3
1088,w_3fcb80e
1089,w_c9dd32e
1090,w_f71bac2
1091,w_01319fa
1092,w_979dc10
1093,w_cea99fe
1094,w_4285435
1095,w_d28471d
1096,w_2d29ddd
1097,w_9a5cd8e
1098,w_a38fee3
1099,w_18a854b
1100,w_0475042
1101,w_c128384
1102,w_62d76c2
1103,w_941ca6a
1104,w_cda4b05
1105,w_428d61d
1106,w_797e546
1107,w_e09e886
1108,w_ccb4adc
1109,w_9bcb0f8
1110,w_49a3a96
1111,w_3a7d86d
1112,w_1e1a051
1113,w_d88328d
1114,w_02cf46c
1115,w_c3ce041
1116,w_a14ccaa
1117,w_9688819
1118,w_7a95674
1119,w_9d65e55
1120,w_2f07b15
1121,w_38e088a
1122,w_dcf2001
1123,w_d58ef7f
1124,w_60c5e7e
1125,w_480b2d4
1126,w_c57623d
1127,w_d4251cb
1128,w_886eec7
1129,w_d142b00
1130,w_9fd6909
1131,w_cb3bd52
1132,w_8a997b8
1133,w_0853262
1134,w_59db39b
1135,w_0103030
1136,w_d88da6d
1137,w_dfd3f5e
1138,w_c0cfd5b
1139,w_b7ea0df
1140,w_eac205a
1141,w_31446aa
1142,w_4c9d3df
1143,w_1c6d5f0
1144,w_0f54cdf
1145,w_b6410bc
1146,w_32a920b
1147,w_7e8305f
1148,w_43be268
1149,w_0faef4d
1150,w_c1540a3
1151,w_59461a4
1152,w_f0fc693
1153,w_392bee3
1154,w_fbbf84a
1155,w_fb270f3
1156,w_4c25641
1157,w_74257e8
1158,w_c708dc7
1159,w_5e43abb
1160,w_0245a27
1161,w_ecb9a79
1162,w_d234e6b
1163,w_ed32859
1164,w_73f8bd3
1165,w_c666071
1166,w_a494171
1167,w_17136dc
1168,w_7f199c6
1169,w_964c1b3
1170,w_2f7753e
1171,w_f7fed13
1172,w_84a13d3
1173,w_511c464
1174,w_eb39613
1175,w_f0db0ba
1176,w_4404247
1177,w_a59221a
1178,w_8e97748
1179,w_3222bdb
1180,w_0a565c5
1181,w_ab9fa59
1182,w_845f7ca
1183,w_410fb0a
1184,w_7d7d108
1185,w_1652da1
1186,w_b8bfaf1
1187,w_6443ad1
1188,w_703e39b
1189,w_dcd7a1d
1190,w_8201c3f
1191,w_7e728d8
1192,w_3380eb0
1193,w_31b020c
1194,w_200a203
1195,w_72d5b6c
1196,w_e8d0bac
1197,w_a9dd349
1198,w_09558d4
1199,w_b454f70
1200,w_42aa161
1201,w_735675e
1202,w_55c9a3b
1203,w_944f496
1204,w_cc54cee
1205,w_87050a3
1206,w_5010531
1207,w_becdfdc
1208,w_810c481
1209,w_40a8760
1210,w_73b26b7
1211,w_4953ce7
1212,w_164cfff
1213,w_ca813c2
1214,w_2832e90
1215,w_3e0f25d
1216,w_f2b0e93
1217,w_2fdf63b
1218,w_50db782
1219,w_5a0d250
1220,w_fbce8b4
1221,w_a2e2f8e
1222,w_83f0b3f
1223,w_86b3f04
1224,w_79cde72
1225,w_ba39446
1226,w_40cc259
1227,w_3c27f42
1228,w_212ad82
1229,w_dc81791
1230,w_a3dbc8f
1231,w_7b5d0f0
1232,w_8ebbe56
1233,w_544f7e7
1234,w_10ace22
1235,w_eb34c4d
1236,w_af9a47a
1237,w_9ab6e50
1238,w_63035d1
1239,w_4df0b12
1240,w_c493795
1241,w_f18df18
1242,w_e59294d
1243,w_e94a3b2
1244,w_fcff830
1245,w_7292419
1246,w_1717a13
1247,w_e59a1f0
1248,w_b19c33f
1249,w_3ac13d2
1250,w_b678944
1251,w_f93d780
1252,w_cf69291
1253,w_785f62b
1254,w_0fea5a3
1255,w_bb2501a
1256,w_8db45b7
1257,w_d3fde2c
1258,w_c829019
1259,w_6c99c53
1260,w_a700fc9
1261,w_ef2f0f0
1262,w_6cef37c
1263,w_72b0d7f
1264,w_aae82f8
1265,w_4ae9b0a
1266,w_8c66a16
1267,w_b9e116f
1268,w_38ef4a3
1269,w_d1bbde9
1270,w_d775542
1271,w_afd55ad
1272,w_a3885dc
1273,w_5444df0
1274,w_449a34e
1275,w_0e7cb1c
1276,w_bf65341
1277,w_dbc392b
1278,w_69185bb
1279,w_6bbaa92
1280,w_adb041c
1281,w_36ac97f
1282,w_ccfdb00
1283,w_3349c9d
1284,w_002b682
1285,w_bbf6ebf
1286,w_e6ec8ee
1287,w_2c51d33
1288,w_7b5a630
1289,w_bbf20b4
1290,w_959b917
1291,w_a526492
1292,w_118d911
1293,w_d94db94
1294,w_6a4e5f2
1295,w_a1a8680
1296,w_f63d8b0
1297,w_979a6ef
1298,w_31d3999
1299,w_668ff55
1300,w_c07076c
1301,w_9890432
1302,w_0b7cc25
1303,w_f008d2b
1304,w_076daec
1305,w_397e3db
1306,w_7f6ce8e
1307,w_ddbf533
1308,w_2e27b77
1309,w_6d274b2
1310,w_ef7755e
1311,w_790c2aa
1312,w_143b201
1313,w_7f1f97b
1314,w_2c1dafa
1315,w_febafc1
1316,w_853c1f7
1317,w_0827d51
1318,w_1c22d7e
1319,w_f400702
1320,w_569c2c7
1321,w_0ce3ccc
1322,w_3b5403b
1323,w_1905c66
1324,w_42dd100
1325,w_f2e9eb1
1326,w_77f3e70
1327,w_d4eb9ed
1328,w_6da177a
1329,w_8cd3036
1330,w_b8f8e69
1331,w_7bda16b
1332,w_6b45921
1333,w_cef690d
1334,w_19f7a8b
1335,w_97666c8
1336,w_36d665c
1337,w_2ac6dd5
1338,w_3d45268
1339,w_68a7146
1340,w_3fc3d07
1341,w_b066aa6
1342,w_2cde7c0
1343,w_c429c2a
1344,w_3c4062e
1345,w_2085f2e
1346,w_ffdab7a
1347,w_fba3bde
1348,w_556e001
1349,w_d0874bb
1350,w_f3e3ca8
1351,w_5dc1c2d
1352,w_136ab04
1353,w_49308df
1354,w_4643de5
1355,w_9d704ab
1356,w_d1917df
1357,w_b793570
1358,w_896023f
1359,w_398aa7f
1360,w_ffda8b2
1361,w_97e63b3
1362,w_68b47a1
1363,w_4e1f7bd
1364,w_dbf4e7f
1365,w_8c961a3
1366,w_97bc172
1367,w_1b1c4f1
1368,w_eab49b7
1369,w_9269ec6
1370,w_8201aa8
1371,w_3e73d8a
1372,w_99ad599
1373,w_dce3192
1374,w_ec853f1
1375,w_3050553
1376,w_cda5d6e
1377,w_e38b2c7
1378,w_6a87d0d
1379,w_f5fd7ef
1380,w_dc4c2ba
1381,w_125ba17
1382,w_96c6151
1383,w_993d66c
1384,w_5e04db0
1385,w_4a1e58b
1386,w_19c005a
1387,w_078b0e7
1388,w_c17a537
1389,w_8c23123
1390,w_5cb5fc3
1391,w_95c7d1b
1392,w_bf70a3f
1393,w_7c7bfb0
1394,w_7386509
1395,w_0da6f67
1396,w_e1f55ad
1397,w_fb94a5a
1398,w_d2b4956
1399,w_1a5beb9
1400,w_4fa1bd5
1401,w_4c3cd83
1402,w_9621342
1403,w_1e3ce01
1404,w_d4119a7
1405,w_d0cecd5
1406,w_2a32d3d
1407,w_6918155
1408,w_864cc78
1409,w_d4c25b6
1410,w_4d528e4
1411,w_b33e728
1412,w_abc2eda
1413,w_2641733
1414,w_1e68ef5
1415,w_7142b19
1416,w_6047e81
1417,w_656490c
1418,w_413057d
1419,w_4f0b7d9
1420,w_5624f08
1421,w_fcee41d
1422,w_f546b0a
1423,w_42f935c
1424,w_8141223
1425,w_cb9220b
1426,w_f1177c9
1427,w_afbc2d1
1428,w_a8990f1
1429,w_1d96560
1430,w_bc5beaa
1431,w_3b02089
1432,w_8f3cb68
1433,w_85cdd9b
1434,w_42af75d
1435,w_397cb24
1436,w_037955e
1437,w_4176a19
1438,w_d129902
1439,w_56bbc91
1440,w_6d3ca42
1441,w_77e1ae3
1442,w_33c3ce1
1443,w_efaada7
1444,w_b2aa351
1445,w_70daaba
1446,w_494dd45
1447,w_91b5f87
1448,w_0d049cf
1449,w_c87b956
1450,w_4b8d0c9
1451,w_df15cc8
1452,w_063d82f
1453,w_c7efb86
1454,w_6d2fe6f
1455,w_15ebbda
1456,w_79413a6
1457,w_014250a
1458,w_a31900f
1459,w_5f7c402
1460,w_bb2d34d
1461,w_f8cd6b6
1462,w_18bd7b3
1463,w_516bedb
1464,w_03f060f
1465,w_2eabd5a
1466,w_06e47e3
1467,w_1a9f141
1468,w_86431c7
1469,w_656ef35
1470,w_98dcedd
1471,w_625a6a9
1472,w_d2e1f2a
1473,w_ca6a771
1474,w_cd02407
1475,w_295b96c
1476,w_67fecca
1477,w_c0daf38
1478,w_3664a22
1479,w_50e8e41
1480,w_f774c8b
1481,w_0d0bc48
1482,w_41d32aa
1483,w_7632107
1484,w_e655c65
1485,w_c30959a
1486,w_b1c5e71
1487,w_02d5fad
1488,w_cad1a8d
1489,w_9923d21
1490,w_f4e84c1
1491,w_7104905
1492,w_e57b3ce
1493,w_3de676c
1494,w_d9aab0a
1495,w_67bfdf5
1496,w_aeca19c
1497,w_0d8fb3f
1498,w_ca5abbb
1499,w_3e9d82e
1500,w_9741f42
1501,w_af04ba6
1502,w_a22f338
1503,w_9cb529f
1504,w_35c5d43
1505,w_2a04ceb
1506,w_2901987
1507,w_d7b85ec
1508,w_46594b2
1509,w_dace6e9
1510,w_bfaa83c
1511,w_57304ba
1512,w_d8eae88
1513,w_b4d182b
1514,w_fd07344
1515,w_89e159a
1516,w_9b67e87
1517,w_f28de05
1518,w_25e2bc9
1519,w_32915fe
1520,w_5c32d2a
1521,w_cbac51f
1522,w_d3f5be3
1523,w_b280692
1524,w_3af4e73
1525,w_983829b
1526,w_8fac7da
1527,w_73321ab
1528,w_296749b
1529,w_29c9595
1530,w_7b69289
1531,w_867c9e1
1532,w_871b1b9
1533,w_5470134
1534,w_beab972
1535,w_32d99b4
1536,w_3c3267c
1537,w_c6439b8
1538,w_1d17e8c
1539,w_3bc8a47
1540,w_7311fe4
1541,w_1917275
1542,w_b4a5677
1543,w_2ef900c
1544,w_2f1e886
1545,w_d6b7115
1546,w_d78513b
1547,w_626ef9f
1548,w_c8126db
1549,w_bfe749f
1550,w_1ae1386
1551,w_6d17527
1552,w_e4e6f5b
1553,w_2dce318
1554,w_3f550fa
1555,w_3d9fb6c
1556,w_16d1b32
1557,w_e34abbe
1558,w_f4c78e5
1559,w_34801a4
1560,w_03c6d18
1561,w_f660d7d
1562,w_d2be6cc
1563,w_735ce7d
1564,w_43b50e5
1565,w_c8d20aa
1566,w_4f38350
1567,w_743209a
1568,w_a57351c
1569,w_587d2e3
1570,w_e5250e9
1571,w_c6bd2bb
1572,w_422420c
1573,w_142402e
1574,w_c390258
1575,w_4759be5
1576,w_27cf4e2
1577,w_7c943ab
1578,w_1310342
1579,w_de3cab3
1580,w_6e5b022
1581,w_d6e5334
1582,w_b6d09e6
1583,w_e0f1df1
1584,w_deb33de
1585,w_ed3bd5b
1586,w_553bb6e
1587,w_e548eb7
1588,w_0e32aa2
1589,w_78b325d
1590,w_9c70a11
1591,w_cdc21df
1592,w_4a0c105
1593,w_a4f77bd
1594,w_db9e932
1595,w_6aa5e66
1596,w_74de378
1597,w_9072f07
1598,w_2dae424
1599,w_8717ef3
1600,w_598874c
1601,w_d68d206
1602,w_ef52dd3
1603,w_881f3c4
1604,w_8286350
1605,w_11adaae
1606,w_532e2cc
1607,w_ca55545
1608,w_d249ed6
1609,w_701972b
1610,w_dc7c5a0
1611,w_cae7677
1612,w_7240516
1613,w_a365757
1614,w_8f49fdd
1615,w_cf3a12e
1616,w_c9dfa13
1617,w_64a51a4
1618,w_1e674e6
1619,w_e21043a
1620,w_d62128e
1621,w_1e7bb93
1622,w_9146eae
1623,w_ace5d0c
1624,w_d345e80
1625,w_613f90d
1626,w_5c62a56
1627,w_5d50ea2
1628,w_238a4ad
1629,w_ba63af5
1630,w_4ec48a9
1631,w_cf7eebd
1632,w_30660bc
1633,w_b648329
1634,w_2250fa9
1635,w_1c69443
1636,w_01c2cb0
1637,w_c7d76c6
1638,w_3026ce2
1639,w_dab33f6
1640,w_493c000
1641,w_27fc5d3
1642,w_7c91fa7
1643,w_989fbbb
1644,w_1d38877
1645,w_9d48bcf
1646,w_2fcb559
1647,w_98b57a1
1648,w_f4844e7
1649,w_1392cde
1650,w_b170173
1651,w_1d05772
1652,w_9eeb05c
1653,w_0087fdd
1654,w_577e627
1655,w_58087ce
1656,w_8e3ebeb
1657,w_6463ce8
1658,w_a913945
1659,w_cc1f8bc
1660,w_a335e80
1661,w_89dcef1
1662,w_cc3a724
1663,w_db9dd51
1664,w_02d7dc8
1665,w_b721e96
1666,w_65943d6
1667,w_2669d75
1668,w_77ee0be
1669,w_cf0c062
1670,w_a2b3d53
1671,w_12d9132
1672,w_94bc64e
1673,w_402784d
1674,w_eb0a6ed
1675,w_1d2fbc1
1676,w_9411f86
1677,w_98ab48e
1678,w_490c8a0
1679,w_8ae97a4
1680,w_656afeb
1681,w_9e1e818
1682,w_59eb8ae
1683,w_fc61767
1684,w_76b6f7c
1685,w_fb2c3fb
1686,w_686408a
1687,w_46dcce7
1688,w_733f161
1689,w_9577f88
1690,w_ca4ca6f
1691,w_7bcc2d6
1692,w_dd90e0a
1693,w_0467840
1694,w_5d86dc6
1695,w_2fd79c1
1696,w_5f47726
1697,w_2db01d5
1698,w_86b9dfd
1699,w_92d55a6
1700,w_331df94
1701,w_38efce7
1702,w_20ba84b
1703,w_e6d0696
1704,w_e3f51ec
1705,w_640f91d
1706,w_7c18f3c
1707,w_b4151b7
1708,w_bbad9a2
1709,w_55b1d69
1710,w_612f4a2
1711,w_2952678
1712,w_7f81ba5
1713,w_a16b600
1714,w_d28208f
1715,w_1f606cf
1716,w_293b5e4
1717,w_ca27f31
1718,w_864be50
1719,w_a866824
1720,w_8957420
1721,w_94b4478
1722,w_6121036
1723,w_f12415b
1724,w_cacfe12
1725,w_7586198
1726,w_d75aff6
1727,w_0dac526
1728,w_8fec0dd
1729,w_896d91c
1730,w_3455b23
1731,w_4bd8388
1732,w_58a2388
1733,w_8bdd984
1734,w_a5f7fce
1735,w_f9d27ad
1736,w_5007db3
1737,w_d80e1bc
1738,w_102ab59
1739,w_50d2084
1740,w_9dfbd27
1741,w_f746a73
1742,w_5b2bb99
1743,w_83d8a2e
1744,w_fce6ab2
1745,w_c13b4e6
1746,w_302af0a
1747,w_80211fd
1748,w_3166a4d
1749,w_89e451c
1750,w_9f3e4f4
1751,w_7ed55c4
1752,w_eaad6a8
1753,w_55132a6
1754,w_3c3c632
1755,w_79581d3
1756,w_fb72090
1757,w_3fa2cb1
1758,w_80245ee
1759,w_3d0bc7a
1760,w_0b775c1
1761,w_073f071
1762,w_b6d4901
1763,w_3572b44
1764,w_cc60002
1765,w_2870b33
1766,w_f714476
1767,w_0981144
1768,w_e8a6c4b
1769,w_bd1c23d
1770,w_f6e5eca
1771,w_cd1f1ed
1772,w_e4d3ec3
1773,w_3b016f0
1774,w_711d58c
1775,w_34c4927
1776,w_f44277f
1777,w_861cc1c
1778,w_4b47559
1779,w_dd8299b
1780,w_7a3a328
1781,w_8ec2960
1782,w_ee94c57
1783,w_6635a97
1784,w_6c05e3b
1785,w_0e9f6d9
1786,w_d25a717
1787,w_5f82501
1788,w_3f2a05c
1789,w_0869575
1790,w_d84e006
1791,w_f8aacbd
1792,w_3a94311
1793,w_8f1946f
1794,w_ca13d58
1795,w_721d2e9
1796,w_0753c29
1797,w_6f40f26
1798,w_e2e56e9
1799,w_015e3cf
1800,w_ce29d2a
1801,w_f1457b5
1802,w_2709cfc
1803,w_f3db3f1
1804,w_20c671c
1805,w_53e9072
1806,w_5eda687
1807,w_d9adb4f
1808,w_72a1cd8
1809,w_dee6441
1810,w_e0bbddc
1811,w_b2cded6
1812,w_dc97dc3
1813,w_b8dff40
1814,w_491607b
1815,w_5059889
1816,w_bb2c317
1817,w_8c51d17
1818,w_125095f
1819,w_21e178f
1820,w_4cba6b2
1821,w_b48535f
1822,w_4f103de
1823,w_0d48a7d
1824,w_b835ae1
1825,w_8f7b653
1826,w_d10472d
1827,w_fea7fe6
1828,w_cce0444
1829,w_f054e7a
1830,w_5b1fa1d
1831,w_2173953
1832,w_f031837
1833,w_3cfeb1a
1834,w_daa4876
1835,w_b6ae946
1836,w_0f41afe
1837,w_fae2cb6
1838,w_2fdee7b
1839,w_b0e05b1
1840,w_4da05cc
1841,w_89ee7c1
1842,w_3d12652
1843,w_75e6bf3
1844,w_2486665
1845,w_2111212
1846,w_6f2c662
1847,w_b7f2cde
1848,w_f852d15
1849,w_88e5933
1850,w_e17c752
1851,w_6de53d1
1852,w_01f9086
1853,w_80e649e
1854,w_414f402
1855,w_ee17a08
1856,w_a1a707e
1857,w_fc76ede
1858,w_e88388a
1859,w_2663598
1860,w_fcfcf68
1861,w_a19eecd
1862,w_d148982
1863,w_e4616da
1864,w_2c1634b
1865,w_ab039e2
1866,w_e08089e
1867,w_af98182
1868,w_f115d53
1869,w_bed6af1
1870,w_a33e1c3
1871,w_2963114
1872,w_28fa29e
1873,w_8a816b1
1874,w_651cbb7
1875,w_87e00c8
1876,w_61e1076
1877,w_d4bc10d
1878,w_ca5f17f
1879,w_f314558
1880,w_8ddc642
1881,w_4790f64
1882,w_7049d9f
1883,w_d5293a1
1884,w_39d2684
1885,w_cc504e7
1886,w_2bdd2df
1887,w_88cb2dd
1888,w_38bcd3e
1889,w_c9566b4
1890,w_2dcbf82
1891,w_0526c04
1892,w_37a7f78
1893,w_e6541e4
1894,w_a31aa30
1895,w_44f0fa2
1896,w_ded09c7
1897,w_5966fff
1898,w_49c640f
1899,w_f3e948c
1900,w_57c8da9
1901,w_e8c4623
1902,w_ead5d70
1903,w_9ba06bb
1904,w_6375873
1905,w_0ead9d7
1906,w_4368c9e
1907,w_2ac83b0
1908,w_67599af
1909,w_cb6a206
1910,w_1f6e1db
1911,w_ff70408
1912,w_c99f5ef
1913,w_fed0031
1914,w_3e26a99
1915,w_53549df
1916,w_74011a2
1917,w_fad83c7
1918,w_a91b997
1919,w_4435e82
1920,w_0729d71
1921,w_1c2fb13
1922,w_5acfa65
1923,w_bc18612
1924,w_35ffe80
1925,w_f801078
1926,w_fdcfcea
1927,w_fec1fb5
1928,w_5f0960c
1929,w_e73c666
1930,w_e9f85b7
1931,w_1ac4c38
1932,w_d3861a1
1933,w_592782d
1934,w_d1eab36
1935,w_16f61aa
1936,w_def505e
1937,w_ed5cdab
1938,w_f48b91b
1939,w_b4eeae6
1940,w_8d91f88
1941,w_1d0540c
1942,w_bc93297
1943,w_2a6d006
1944,w_62c548b
1945,w_2e10179
1946,w_cf092f5
1947,w_fbbc8ba
1948,w_b9cfdfe
1949,w_f8e6546
1950,w_6dbb861
1951,w_78ba632
1952,w_c0323f5
1953,w_b7a3e0a
1954,w_b08520c
1955,w_4d4bd72
1956,w_3cada3d
1957,w_8c618e1
1958,w_dbb315c
1959,w_33e0287
1960,w_a8e5d39
1961,w_179ffe3
1962,w_a2f02c0
1963,w_ebb16ab
1964,w_7cc620b
1965,w_e05ee50
1966,w_9438980
1967,w_bf69a19
1968,w_6f2de72
1969,w_e2bf793
1970,w_cc8241b
1971,w_9ca943b
1972,w_7ad8bb3
1973,w_c71115a
1974,w_d6255a4
1975,w_12cdfbd
1976,w_74e15fc
1977,w_a5f6c33
1978,w_7f5f0c9
1979,w_78a4639
1980,w_e39371c
1981,w_5bc5fc1
1982,w_de51d16
1983,w_afc7d61
1984,w_771374c
1985,w_d224115
1986,w_471ae98
1987,w_40be51f
1988,w_6193637
1989,w_272259b
1990,w_fca13e2
1991,w_44a6b62
1992,w_15f29b7
1993,w_3061bdd
1994,w_c90feaa
1995,w_38de842
1996,w_5af463d
1997,w_932c8cd
1998,w_48dd419
1999,w_98507b5
2000,w_c61de62
2001,w_5bc7e7f
2002,w_88b5d47
2003,w_1d53d9c
2004,w_3b99025
2005,w_09d7946
2006,w_b9c9129
2007,w_9ceb05d
2008,w_607a734
2009,w_1272a31
2010,w_5f9508d
2011,w_d5f0261
2012,w_c55c9cd
2013,w_a1fe45d
2014,w_28ce17c
2015,w_e69cef0
2016,w_78a6f56
2017,w_d937660
2018,w_c3684ba
2019,w_5a81425
2020,w_a4da0b3
2021,w_6710cf8
2022,w_9091ae6
2023,w_db2c158
2024,w_73cbacd
2025,w_142dce1
2026,w_7028d77
2027,w_8cd6d46
2028,w_9b3ed01
2029,w_9a967cb
2030,w_373593e
2031,w_874cf52
2032,w_d7d60f9
2033,new_whale
2034,w_e5edb40
2035,w_07a425f
2036,w_09f825c
2037,w_faf538a
2038,w_7257028
2039,w_8bc853a
2040,w_17b33ae
2041,w_e21741a
2042,w_95dd5d2
2043,w_8eceeb8
2044,w_65c80dd
2045,w_7c2d27c
2046,w_d2324e2
2047,w_1a5e7a2
2048,w_87fc163
2049,w_e30e97f
2050,w_79774a5
2051,w_0740d28
2052,w_c1b3568
2053,w_108670b
2054,w_2b969fe
2055,w_e7b1cb3
2056,w_59786da
2057,w_b1f6e70
2058,w_37307c4
2059,w_2b939eb
2060,w_fab740d
2061,w_3e1ba5b
2062,w_5297ab3
2063,w_e0c6ead
2064,w_7879ee1
2065,w_ff1b64c
2066,w_f2eb971
2067,w_8b1ca89
2068,w_c02ac49
2069,w_56743d6
2070,w_23526cb
2071,w_ed117b3
2072,w_70b4610
2073,w_d6f3d24
2074,w_70db713
2075,w_872a86c
2076,w_0654dd9
2077,w_a67a1bc
2078,w_4bf5a06
2079,w_82e0d98
2080,w_17d5eb9
2081,w_1969a9d
2082,w_2216a46
2083,w_7108f6d
2084,w_576db5d
2085,w_2f6a962
2086,w_a26a029
2087,w_ec79861
2088,w_680b86e
2089,w_afe57c6
2090,w_968f2ca
2091,w_824f286
2092,w_9c4bb3c
2093,w_8c3db0a
2094,w_7ad249d
2095,w_8eb63b7
2096,w_d63bf1f
2097,w_65139e4
2098,w_4142305
2099,w_72e70e5
2100,w_dac2f44
2101,w_f33b12b
2102,w_9d83b4d
2103,w_b4a223d
2104,w_5982299
2105,w_6737f89
2106,w_accd48e
2107,w_3ce788a
2108,w_5dab8df
2109,w_f369a80
2110,w_2581f2e
2111,w_5a25156
2112,w_fc433f7
2113,w_650bd05
2114,w_08d1ccd
2115,w_29eb3b2
2116,w_9aeb18f
2117,w_6bea436
2118,w_4de83f9
2119,w_e8159c6
2120,w_c053b99
2121,w_2fd21ec
2122,w_5c59d12
2123,w_993dbe8
2124,w_5a5c560
2125,w_33973bf
2126,w_5f43cde
2127,w_d0b3293
2128,w_9729e1e
2129,w_ba39ad5
2130,w_972f231
2131,w_c80d300
2132,w_46b211d
2133,w_34fd328
2134,w_573eb8f
2135,w_800034f
2136,w_6384242
2137,w_37bd99a
2138,w_9f1fafb
2139,w_7f40920
2140,w_e61dd6d
2141,w_c01e25d
2142,w_d6d502a
2143,w_3355365
2144,w_0ea2545
2145,w_6d4dedc
2146,w_8ba9abd
2147,w_867c363
2148,w_482c51f
2149,w_ea9a921
2150,w_883557a
2151,w_050bdac
2152,w_4114553
2153,w_ed6da70
2154,w_2941dd2
2155,w_1b6d34d
2156,w_c786765
2157,w_94da90b
2158,w_2e4df76
2159,w_af8cad1
2160,w_ef30115
2161,w_7e1521a
2162,w_77fbe5c
2163,w_330286e
2164,w_fe6617a
2165,w_8b56cb1
2166,w_d434526
2167,w_7b770ec
2168,w_0674604
2169,w_2707bcd
2170,w_89f463f
2171,w_217e78a
2172,w_ada188f
2173,w_1aa0526
2174,w_895007f
2175,w_6e47e0e
2176,w_c61ed17
2177,w_8596faf
2178,w_642bd9e
2179,w_dcb1f2a
2180,w_95aad92
2181,w_0b0b7cc
2182,w_251ee17
2183,w_c3ff6f2
2184,w_46a4137
2185,w_f8024be
2186,w_87e8446
2187,w_14970b4
2188,w_3cd6996
2189,w_7a9f3f6
2190,w_5612fed
2191,w_8f6b207
2192,w_89317b0
2193,w_c103b25
2194,w_df092eb
2195,w_f43935f
2196,w_ace8c54
2197,w_7abaf06
2198,w_9bf57f8
2199,w_a2564cf
2200,w_816d344
2201,w_073b15e
2202,w_ac05864
2203,w_eea20c4
2204,w_8d46cef
2205,w_5384c57
2206,w_977d881
2207,w_3694c7d
2208,w_2e328e6
2209,w_f0f0dbb
2210,w_2901dbf
2211,w_70b9e55
2212,w_3745f59
2213,w_997582c
2214,w_7523d74
2215,w_b5383b5
2216,w_68fb716
2217,w_aa9b995
2218,w_e21da76
2219,w_966e86e
2220,w_6871147
2221,w_232e5bd
2222,w_900fab7
2223,w_b88a8d8
2224,w_52c8684
2225,w_ab4cae2
2226,w_b6c4efa
2227,w_871e32e
2228,w_a369ccf
2229,w_05567a9
2230,w_9a0c14d
2231,w_710a3a3
2232,w_9868b95
2233,w_f803b29
2234,w_33e89be
2235,w_f5771d1
2236,w_7417ab0
2237,w_c71bf0e
2238,w_23b9dcb
2239,w_4103f39
2240,w_e147c40
2241,w_c22307d
2242,w_0e96943
2243,w_7185713
2244,w_fd3ce71
2245,w_58bca3c
2246,w_2f6e76c
2247,w_11b993a
2248,w_1596a47
2249,w_ef1517b
2250,w_1a229eb
2251,w_0c8967d
2252,w_7285eb3
2253,w_1014df7
2254,w_8d72578
2255,w_0b4429c
2256,w_a1b985a
2257,w_eeb5fa7
2258,w_a54e7c1
2259,w_3e5069e
2260,w_e826a6f
2261,w_51df6ac
2262,w_f2ef6f8
2263,w_389c788
2264,w_71c7322
2265,w_0beef28
2266,w_26dd948
2267,w_bc76fde
2268,w_d3ef4b2
2269,w_22da5b6
2270,w_a8ec52f
2271,w_53476b2
2272,w_37523b2
2273,w_2850471
2274,w_0b7e949
2275,w_9db9ef5
2276,w_76d84e2
2277,w_2b8e175
2278,w_0ea659e
2279,w_66a03d3
2280,w_d47e2e3
2281,w_4dceacc
2282,w_3278f8c
2283,w_f4f3f6d
2284,w_f178867
2285,w_41da937
2286,w_7e4d894
2287,w_3411b9f
2288,w_fec6413
2289,w_17a0832
2290,w_87cb6bd
2291,w_a7202e1
2292,w_224000c
2293,w_01a51a6
2294,w_53f48f6
2295,w_403f92f
2296,w_1306632
2297,w_ff2ca5c
2298,w_aef3680
2299,w_29fc831
2300,w_b61840c
2301,w_5374a4c
2302,w_01cbcbf
2303,w_5c0e858
2304,w_9ba1eee
2305,w_2e2ba59
2306,w_34c8690
2307,w_3c2d938
2308,w_7885601
2309,w_503ff17
2310,w_dbc4dcc
2311,w_1894a1c
2312,w_97da401
2313,w_c8bf168
2314,w_849b126
2315,w_1d37fb6
2316,w_e7a2780
2317,w_0bc712b
2318,w_685466f
2319,w_33b9360
2320,w_56f2b1e
2321,w_dcb4be9
2322,w_21b3754
2323,w_2658649
2324,w_bbe06a7
2325,w_8242022
2326,w_1127c35
2327,w_e6ddbd5
2328,w_e02fe7b
2329,w_fe87f0a
2330,w_1e6559e
2331,w_e8a8d85
2332,w_4a78bf2
2333,w_c00534d
2334,w_0cd401c
2335,w_6554826
2336,w_efe57c7
2337,w_2bea4c4
2338,w_e09d8cf
2339,w_23e4e61
2340,w_c74ab24
2341,w_6166c99
2342,w_6e26345
2343,w_4504167
2344,w_642de28
2345,w_2b4da16
2346,w_4cff2f8
2347,w_f3f84d7
2348,w_76599c3
2349,w_330f897
2350,w_d02787f
2351,w_7c9fd46
2352,w_7946258
2353,w_8e16693
2354,w_0f20cbc
2355,w_43340c5
2356,w_e7a238b
2357,w_2cadad2
2358,w_0e4f53c
2359,w_f2d87b0
2360,w_7af28d7
2361,w_48a98d7
2362,w_92c7ace
2363,w_c3f9618
2364,w_93f1362
2365,w_715c557
2366,w_814a588
2367,w_29d2cec
2368,w_88d11b1
2369,w_4a069df
2370,w_b3e6069
2371,w_6d90f45
2372,w_6257bdf
2373,w_886257d
2374,w_07616fd
2375,w_5af83da
2376,w_acc67ea
2377,w_da7d77c
2378,w_aa67f17
2379,w_fe424c3
2380,w_0f49f09
2381,w_9d3ba38
2382,w_2b0028d
2383,w_865c2ba
2384,w_c34afd7
2385,w_e6d3a57
2386,w_3da62f8
2387,w_4a3032d
2388,w_f5b8faf
2389,w_6c899ff
2390,w_741861e
2391,w_288e40b
2392,w_2ce5ce2
2393,w_4f6fabd
2394,w_a24f581
2395,w_fdcdc2a
2396,w_acff672
2397,w_b001dbe
2398,w_8cba529
2399,w_7ab1759
2400,w_3326396
2401,w_883b284
2402,w_97e7648
2403,w_219e33c
2404,w_5438813
2405,w_3b89846
2406,w_2168906
2407,w_37c23fa
2408,w_9927328
2409,w_3650949
2410,w_a31fed5
2411,w_b6efe77
2412,w_8b5885d
2413,w_e15442c
2414,w_b074cdf
2415,w_2282bb8
2416,w_9065f2e
2417,w_c07f119
2418,w_49a3b14
2419,w_018bc64
2420,w_0aae8c1
2421,w_77166cc
2422,w_0a58a06
2423,w_fe2742d
2424,w_89154d2
2425,w_50e125b
2426,w_ce9b95e
2427,w_35b01a5
2428,w_e54feba
2429,w_058547a
2430,w_7427ace
2431,w_71ec55a
2432,w_17377c9
2433,w_4c049c1
2434,w_9de3195
2435,w_ed07d84
2436,w_8b6fd36
2437,w_7852bd1
2438,w_e57b487
2439,w_1638016
2440,w_a464d28
2441,w_c4e71b6
2442,w_acee288
2443,w_0ac6a0a
2444,w_af06773
2445,w_6b7d5ad
2446,w_4378542
2447,w_269b090
2448,w_2b0fc31
2449,w_83e0203
2450,w_e156c87
2451,w_46540b1
2452,w_4cedbf8
2453,w_fc622c0
2454,w_1000f90
2455,w_7600863
2456,w_47f29cd
2457,w_488f836
2458,w_a533837
2459,w_93aee9e
2460,w_fe2aa66
2461,w_f478955
2462,w_18fbec1
2463,w_b856fc1
2464,w_e5d6443
2465,w_d521332
2466,w_dc001f8
2467,w_8325a79
2468,w_68820e8
2469,w_6ec850b
2470,w_d96a0cd
2471,w_8534390
2472,w_257856f
2473,w_3bf56d4
2474,w_23b01a6
2475,w_ca94288
2476,w_36a4e8b
2477,w_66c1b54
2478,w_2f89dfe
2479,w_a59905f
2480,w_fd94a56
2481,w_1deadd7
2482,w_c6fceea
2483,w_ebf9290
2484,w_f7a0fd7
2485,w_e3b2cfa
2486,w_11c2836
2487,w_46193da
2488,w_831f124
2489,w_b55242e
2490,w_e3c119c
2491,w_4791b4c
2492,w_dfec7a3
2493,w_4e8f84d
2494,w_94a4216
2495,w_5570053
2496,w_6ba46a1
2497,w_893ccb4
2498,w_ba0d756
2499,w_35d4d83
2500,w_fc7cc24
2501,w_be0fefb
2502,w_c1e8594
2503,w_b089088
2504,w_1609b19
2505,w_b20763e
2506,w_a8b5c0f
2507,w_bb388ca
2508,w_5557280
2509,w_5014d6c
2510,w_38b1edd
2511,w_303518a
2512,w_9a8f43f
2513,w_cd3e1bd
2514,w_e685c80
2515,w_9291cdf
2516,w_430766d
2517,w_425da9a
2518,w_c751211
2519,w_1957ab8
2520,w_89973e5
2521,w_fdc8bf6
2522,w_518129a
2523,w_b0b275e
2524,w_0652d70
2525,w_fbcb6e4
2526,w_ddf14ae
2527,w_5d8c038
2528,w_a3dfe32
2529,w_05e6ba7
2530,w_f4ac89a
2531,w_54cd8e0
2532,w_af67683
2533,w_a6a7dbf
2534,w_64783fe
2535,w_6e8486d
2536,w_c774326
2537,w_3e4bb3f
2538,w_92d390e
2539,w_f22f3e3
2540,w_c263d43
2541,w_47c5b29
2542,w_80c692d
2543,w_314d77b
2544,w_676ddb0
2545,w_4f51037
2546,w_b6c0c65
2547,w_e863419
2548,w_afde232
2549,w_243e33e
2550,w_b83b069
2551,w_4624237
2552,w_ebc870d
2553,w_cd65880
2554,w_347b648
2555,w_00fbb4e
2556,w_4684a3f
2557,w_ad8bc47
2558,w_1f2a32a
2559,w_2f97ce6
2560,w_2dea395
2561,w_2392b4c
2562,w_8044362
2563,w_024358d
2564,w_bd61ca9
2565,w_c6ac89b
2566,w_c58b474
2567,w_01b2250
2568,w_4be8a3e
2569,w_7d4cb72
2570,w_0b3f313
2571,w_372ae75
2572,w_beb62cc
2573,w_e082823
2574,w_694c109
2575,w_a254eb0
2576,w_1fc874a
2577,w_f86488a
2578,w_5d0a13f
2579,w_d7de1ee
2580,w_cbfbeb4
2581,w_2c717fb
2582,w_b2b073b
2583,w_90f74ae
2584,w_c0f377b
2585,w_6ddbb81
2586,w_f099dc8
2587,w_4a38a9f
2588,w_379ba08
2589,w_42c631a
2590,w_f843a8d
2591,w_c241e72
2592,w_6d7c852
2593,w_34942b2
2594,w_3063bf4
2595,w_18eee6e
2596,w_38f39ed
2597,w_490b224
2598,w_13f8407
2599,w_d175300
2600,w_462a117
2601,w_80171b9
2602,w_a350727
2603,w_8464638
2604,w_5817e08
2605,w_a2660fd
2606,w_1fd0d0e
2607,w_6c7bd1c
2608,w_a38d1a3
2609,w_3e25a26
2610,w_f7e6199
2611,w_9771603
2612,w_4759df3
2613,w_667833e
2614,w_d9d4088
2615,w_87acd5c
2616,w_2184d07
2617,w_8bde95b
2618,w_bd6e2dd
2619,w_3aa2073
2620,w_0729511
2621,w_e62a48d
2622,w_5f4d992
2623,w_f10006a
2624,w_8158b1f
2625,w_dab1fb4
2626,w_9c3db0a
2627,w_0f8b515
2628,w_ad87135
2629,w_fe95ab8
2630,w_5b672ea
2631,w_26f9f95
2632,w_ceffa10
2633,w_8a00b09
2634,w_48f649e
2635,w_d3c8520
2636,w_d33c2ed
2637,w_b426ff3
2638,w_a87ac93
2639,w_3bb210a
2640,w_bc93e4a
2641,w_2b28681
2642,w_83cd92b
2643,w_7b442c4
2644,w_bcf23a8
2645,w_3881300
2646,w_de5b417
2647,w_80618a3
2648,w_61b87f9
2649,w_4457d27
2650,w_aa70bc3
2651,w_c926fc3
2652,w_7484196
2653,w_8e92baa
2654,w_0bbb3de
2655,w_51652ee
2656,w_cddb3f4
2657,w_70715c1
2658,w_c102ec3
2659,w_7904cff
2660,w_ac87f37
2661,w_cd22b23
2662,w_f81e77a
2663,w_ef89416
2664,w_9ea2cc3
2665,w_2d2d7fe
2666,w_2f283f3
2667,w_b033b36
2668,w_fa121c9
2669,w_b1c44fe
2670,w_dee1df3
2671,w_41cd8bc
2672,w_c97ece6
2673,w_1f0da94
2674,w_2c55303
2675,w_08ddb50
2676,w_8dcd784
2677,w_67e6b75
2678,w_19e8a2d
2679,w_735d8a4
2680,w_5e25f9f
2681,w_71cc46c
2682,w_3dd210a
2683,w_a58f64d
2684,w_88083bc
2685,w_bbc4e7c
2686,w_11138db
2687,w_b0aed4a
2688,w_0f89e72
2689,w_8d9c6fc
2690,w_f64658b
2691,w_711aaa1
2692,w_8dddd45
2693,w_55647bd
2694,w_a422d00
2695,w_c027e4e
2696,w_2fd73d9
2697,w_5e3d9d0
2698,w_adffd9c
2699,w_4095207
2700,w_ba332ae
2701,w_5f84b1a
2702,w_06b6f60
2703,w_7e93962
2704,w_39f2064
2705,w_7f1f728
2706,w_5f2b407
2707,w_a25caa9
2708,w_2270691
2709,w_a5deba3
2710,w_a846944
2711,w_0600ecf
2712,w_186bcab
2713,w_65e519b
2714,w_893e77a
2715,w_7fc15e6
2716,w_0cb6294
2717,w_a30882c
2718,w_09be3ad
2719,w_d1ffed1
2720,w_381c6aa
2721,w_6ab7b53
2722,w_7a8ce5a
2723,w_a69bb2b
2724,w_e86cf21
2725,w_5a6bf1f
2726,w_8b1d546
2727,w_d49402a
2728,w_0be0d81
2729,w_a91600a
2730,w_44cb3ee
2731,w_dd60c18
2732,w_2d57dce
2733,w_d47a33f
2734,w_f6722e7
2735,w_1a70685
2736,w_dd086b2
2737,w_5919cf7
2738,w_e5893cb
2739,w_c6c73b2
2740,w_e3c0ae5
2741,w_e53334f
2742,w_31fb9f0
2743,w_daeb296
2744,w_a4b6a86
2745,w_585e948
2746,w_7b1abbf
2747,w_d2f081f
2748,w_0ee4d6d
2749,w_9e7021b
2750,w_5021993
2751,w_064ab78
2752,w_5e78545
2753,w_0acce53
2754,w_3fc8361
2755,w_d642d4e
2756,w_663a0d7
2757,w_dc89c4c
2758,w_4057481
2759,w_e93d181
2760,w_f8cf8ca
2761,w_549fbeb
2762,w_ec67c71
2763,w_8f50a1f
2764,w_591db29
2765,w_1e4e7a4
2766,w_12c3d3d
2767,w_899f659
2768,w_b4ad62f
2769,w_da0372d
2770,w_13550b4
2771,w_b5e3076
2772,w_c48ad3e
2773,w_36a853c
2774,w_2ac069f
2775,w_7cfaa82
2776,w_0a97a25
2777,w_8867074
2778,w_410142f
2779,w_7307089
2780,w_38770cd
2781,w_e03755a
2782,w_2f8aed7
2783,w_740dfd4
2784,w_54a5871
2785,w_cb7b682
2786,w_0ffc383
2787,w_059e347
2788,w_8e55648
2789,w_8ebb024
2790,w_7f867ec
2791,w_f6d32e2
2792,w_85f9040
2793,w_efa1fc7
2794,w_0ecff13
2795,w_ccca0db
2796,w_203e9d5
2797,w_754c69f
2798,w_a7d4668
2799,w_958b908
2800,w_e5c4335
2801,w_2c68b75
2802,w_bc8d634
2803,w_dbb786d
2804,w_44edba9
2805,w_9b6b87d
2806,w_e84ca75
2807,w_addcafa
2808,w_24ac53d
2809,w_37223f9
2810,w_8d5ede1
2811,w_5d0666e
2812,w_684ca15
2813,w_76106aa
2814,w_11f6df1
2815,w_db93738
2816,w_dbaa2b1
2817,w_c95a0ea
2818,w_9854838
2819,w_23e5a4c
2820,w_3f754d6
2821,w_c622a3f
2822,w_f185562
2823,w_dcf1fd1
2824,w_522ba14
2825,w_984a3fa
2826,w_25db560
2827,w_4a7080a
2828,w_ac49dc5
2829,w_7c6ad05
2830,w_530f87b
2831,w_a93c8f9
2832,w_e7aa703
2833,w_541b160
2834,w_92ed15f
2835,w_e45da8c
2836,w_7f45825
2837,w_d306246
2838,w_136337c
2839,w_1a536b2
2840,w_5dddfbe
2841,w_30d8376
2842,w_b4369cc
2843,w_985877e
2844,w_b39c722
2845,w_bf14813
2846,w_ad512ec
2847,w_f3865d6
2848,w_c9abb54
2849,w_ab6bb0a
2850,w_a2633d4
2851,w_b38374a
2852,w_38158d6
2853,w_fab0b50
2854,w_96b697f
2855,w_7324cf5
2856,w_8bcf29b
2857,w_981a39b
2858,w_b7fe199
2859,w_14964c1
2860,w_2341d0a
2861,w_1dc6d62
2862,w_0f92544
2863,w_d4a27fb
2864,w_d7ddf9c
2865,w_8209e5c
2866,w_17cb04d
2867,w_1c30ba6
2868,w_43c0762
2869,w_f022f78
2870,w_f9bd832
2871,w_a528ab1
2872,w_0337aa5
2873,w_3ae3603
2874,w_f3d98bc
2875,w_67c1b6f
2876,w_daf162a
2877,w_39c7462
2878,w_ee23a5f
2879,w_0bd3671
2880,w_9434f0c
2881,w_9ad963f
2882,w_d6e437d
2883,w_f18af3b
2884,w_ec95acb
2885,w_e80641a
2886,w_1b67a2e
2887,w_cb38960
2888,w_09d48d1
2889,w_639aed5
2890,w_b31d830
2891,w_b0fde68
2892,w_fcd8828
2893,w_6c803bf
2894,w_4f248f3
2895,w_37f17ad
2896,w_cf24f84
2897,w_0c42dba
2898,w_15928c6
2899,w_900f9eb
2900,w_79c30e7
2901,w_0988bbb
2902,w_60c5ba0
2903,w_0c93f94
2904,w_ffa7427
2905,w_6315bc6
2906,w_dbbe0d4
2907,w_d89b29e
2908,w_fb2b2c2
2909,w_0a71e87
2910,w_a1d95a3
2911,w_e3b236d
2912,w_799556e
2913,w_4c8244d
2914,w_ab161f7
2915,w_e62680c
2916,w_76ebad6
2917,w_5bdcd94
2918,w_0fc4835
2919,w_2c0af5e
2920,w_b96c08e
2921,w_bf31e4a
2922,w_2eb180f
2923,w_9a58d5c
2924,w_04c841c
2925,w_c87651d
2926,w_a779e16
2927,w_90201e3
2928,w_03fcd5d
2929,w_e55a554
2930,w_f188f95
2931,w_e0818df
2932,w_81df82e
2933,w_6b2995b
2934,w_3b3b9b2
2935,w_dad56c9
2936,w_05ec84e
2937,w_6249155
2938,w_97493dd
2939,w_aca9607
2940,w_d8421c1
2941,w_3db53dc
2942,w_02a768d
2943,w_a25d46c
2944,w_60ad873
2945,w_d32adcd
2946,w_45461e6
2947,w_f98d12b
2948,w_679f2eb
2949,w_c11932e
2950,w_fe5e78b
2951,w_ba8c7bc
2952,w_f8c9150
2953,w_a96d4dc
2954,w_bdafa8d
2955,w_c39c56e
2956,w_0ae998f
2957,w_7d2d70c
2958,w_69df882
2959,w_3461d6d
2960,w_b1d054c
2961,w_8968506
2962,w_452f14f
2963,w_e74980b
2964,w_a965f14
2965,w_b932b22
2966,w_3dc5e74
2967,w_de2ff33
2968,w_1dff010
2969,w_cd88a48
2970,w_6c8601e
2971,w_994ff96
2972,w_2855124
2973,w_41afa58
2974,w_3572e7e
2975,w_4fb3c95
2976,w_660195e
2977,w_c94f464
2978,w_09e0cbf
2979,w_0466071
2980,w_f53deac
2981,w_38954da
2982,w_25067c8
2983,w_f4e0748
2984,w_6992521
2985,w_cb7d1b5
2986,w_e0efc4f
2987,w_f7d5919
2988,w_187e235
2989,w_41a79d7
2990,w_5c23454
2991,w_e2920e1
2992,w_f70f725
2993,w_c5f9e78
2994,w_e594616
2995,w_88e679c
2996,w_e41f2fa
2997,w_e7f03cf
2998,w_22bcbd6
2999,w_44ef2b8
3000,w_707a3c3
3001,w_794effc
3002,w_c0bb183
3003,w_56b9dcd
3004,w_8c9ed42
3005,w_6398e9d
3006,w_307065e
3007,w_9d0e84a
3008,w_8a1ab00
3009,w_1161030
3010,w_b8cba61
3011,w_1f09cdd
3012,w_bd1dbed
3013,w_8c957e0
3014,w_a950d1c
3015,w_4e03f66
3016,w_5102893
3017,w_cbd49f8
3018,w_0a0cf7d
3019,w_376a413
3020,w_b5fc897
3021,w_b604c18
3022,w_0d733a5
3023,w_f79b3f9
3024,w_60d8778
3025,w_c0d1701
3026,w_02facde
3027,w_e8c35dc
3028,w_cc5fae7
3029,w_826dc6d
3030,w_23dce10
3031,w_0b3c02c
3032,w_4b1fad6
3033,w_7fe3551
3034,w_419226b
3035,w_73e5530
3036,w_da0f481
3037,w_61c1f9c
3038,w_6b82ccc
3039,w_8397970
3040,w_3f8f5aa
3041,w_7e1eb95
3042,w_5cef366
3043,w_91f80eb
3044,w_aa7a302
3045,w_f0d8be1
3046,w_49f3a91
3047,w_4ebeafb
3048,w_29cc48b
3049,w_1ec267f
3050,w_ef67a6c
3051,w_bf3449f
3052,w_600faae
3053,w_ff5538f
3054,w_e840e4d
3055,w_2b3fe8e
3056,w_dea70b3
3057,w_406331a
3058,w_e1431ba
3059,w_cce912e
3060,w_6438b7d
3061,w_c8728f4
3062,w_83df8d5
3063,w_ef7cdd5
3064,w_b939998
3065,w_b95307d
3066,w_ce269ec
3067,w_97e9f7f
3068,w_613723e
3069,w_62799b5
3070,w_07fea3d
3071,w_64f3545
3072,w_9caed77
3073,w_69f4311
3074,w_f986587
3075,w_f4fc8cc
3076,w_6f31916
3077,w_19dc50f
3078,w_1dd8e68
3079,w_7d896ac
3080,w_285da1a
3081,w_8719b04
3082,w_aaafb64
3083,w_db0ad01
3084,w_bd43538
3085,w_ab2d17a
3086,w_3f91e04
3087,w_de20ab0
3088,w_8575984
3089,w_3565288
3090,w_7e49f1e
3091,w_bf77b13
3092,w_27633c3
3093,w_1f10750
3094,w_52b06b1
3095,w_351a1e1
3096,w_6a7478d
3097,w_ce01917
3098,w_338b130
3099,w_03dc41c
3100,w_07274b2
3101,w_d66572d
3102,w_83034c7
3103,w_df82632
3104,w_d3ed80e
3105,w_4c2d259
3106,w_b6ed5d2
3107,w_0626e4d
3108,w_a66b2a5
3109,w_498bf0d
3110,w_e9592d4
3111,w_b618751
3112,w_e58fbe3
3113,w_3f43888
3114,w_4af3e4e
3115,w_caf4286
3116,w_8d3b8b6
3117,w_e375961
3118,w_f6b952e
3119,w_95b6cc3
3120,w_c39fceb
3121,w_7895123
3122,w_a8f9a1e
3123,w_d651356
3124,w_b17f9ea
3125,w_367b996
3126,w_ed5a7c6
3127,w_2b1e2f5
3128,w_4f6c7e0
3129,w_2071a4c
3130,w_b0aabf9
3131,w_3e1bdd0
3132,w_3698eaf
3133,w_1e4c0ec
3134,w_9b804bd
3135,w_afe953f
3136,w_463b450
3137,w_2a1d45c
3138,w_33032d1
3139,w_636638f
3140,w_8c30867
3141,w_50729c4
3142,w_c01beb7
3143,w_4bf5cf7
3144,w_73d5489
3145,w_0c883eb
3146,w_1fc14e9
3147,w_5f8b9b9
3148,w_7133c9d
3149,w_3039e7a
3150,w_06ff732
3151,w_8d83172
3152,w_eb9027d
3153,w_41a260a
3154,w_ed67618
3155,w_7dc3fae
3156,w_666b072
3157,w_bd5cf0a
3158,w_7a892ea
3159,w_86cc90f
3160,w_e964ae8
3161,w_01a4234
3162,w_ba1befb
3163,w_3c9f80b
3164,w_777f59a
3165,w_9e7cada
3166,w_65ec378
3167,w_8148b95
3168,w_9122179
3169,w_8a3449f
3170,w_c45bfc3
3171,w_ba0366f
3172,w_4f0676a
3173,w_156c0db
3174,w_f6d425e
3175,w_6545984
3176,w_7e5cc5e
3177,w_78f64d1
3178,w_aafa5b5
3179,w_b2f1afa
3180,w_974ecab
3181,w_6dc88a6
3182,w_e158680
3183,w_c1c73c0
3184,w_3580734
3185,w_d8f0f46
3186,w_22d812d
3187,w_d9562f1
3188,w_e42c624
3189,w_913a2ad
3190,w_0ad6137
3191,w_b440303
3192,w_0156f27
3193,w_9b6d597
3194,w_c26f6db
3195,w_ef99fe9
3196,w_2b443f8
3197,w_514c62c
3198,w_2a51a27
3199,w_e4c8d6d
3200,w_826eb44
3201,w_c4c8491
3202,w_b6301f8
3203,w_170bacc
3204,w_59349ea
3205,w_dba0cd8
3206,w_4225bb3
3207,w_91c0a1d
3208,w_4fd48e7
3209,w_daf1085
3210,w_435ee6d
3211,w_104cc93
3212,w_90ec71a
3213,w_7f4a1f1
3214,w_e2ddc60
3215,w_58c3bf9
3216,w_ad1d93b
3217,w_6e120c4
3218,w_7f0700f
3219,w_16d2ae2
3220,w_b1a1d43
3221,w_d51a79f
3222,w_68a3df0
3223,w_79185c2
3224,w_a837660
3225,w_1f00cb7
3226,w_5cc2285
3227,w_fa473e6
3228,w_c0f3e88
3229,w_d1933be
3230,w_7440549
3231,w_15c39f4
3232,w_89d9c03
3233,w_d33592e
3234,w_771136b
3235,w_9151503
3236,w_905bf30
3237,w_4a17405
3238,w_c133ea8
3239,w_f6fb689
3240,w_21a1bdb
3241,w_5bdb7c2
3242,w_c91f758
3243,w_e603cc5
3244,w_057c418
3245,w_5a1b758
3246,w_e44d512
3247,w_e430ce0
3248,w_f0f56dc
3249,w_b46bd60
3250,w_d40f276
3251,w_be1f35d
3252,w_93a4f60
3253,w_6418af0
3254,w_ec354a5
3255,w_3e75bf3
3256,w_699be3a
3257,w_06dbe6b
3258,w_1908442
3259,w_53f79bc
3260,w_6c2d7ea
3261,w_c92b4f5
3262,w_7ed3719
3263,w_4fe4078
3264,w_78f2e92
3265,w_3c0e79e
3266,w_4427216
3267,w_c206494
3268,w_9dc4181
3269,w_4a43c71
3270,w_57186e5
3271,w_318e1d2
3272,w_030294d
3273,w_c708776
3274,w_4855bd3
3275,w_f4e03d4
3276,w_a1237e3
3277,w_a06bdc4
3278,w_b47a4a1
3279,w_a0ae961
3280,w_3027b8f
3281,w_d382236
3282,w_77e1d3f
3283,w_8abcb09
3284,w_bcad8eb
3285,w_60759c2
3286,w_93dcf76
3287,w_b64126b
3288,w_2bb8c37
3289,w_fc15159
3290,w_a21cc97
3291,w_b80a9c5
3292,w_059df09
3293,w_d11c53b
3294,w_9122e43
3295,w_2386a5a
3296,w_8e4abc9
3297,w_7a2dfd7
3298,w_acc33ca
3299,w_a56d9ff
3300,w_85b0d73
3301,w_25808d2
3302,w_227ed79
3303,w_df21074
3304,w_305ed07
3305,w_b6886e5
3306,w_d1b90d2
3307,w_449e238
3308,w_4476e55
3309,w_47906dc
3310,w_06f0fd3
3311,w_e8ba2d8
3312,w_9288973
3313,w_57a137f
3314,w_429e9ad
3315,w_79d4855
3316,w_8cf18ac
3317,w_d3ce445
3318,w_6f504c0
3319,w_fe6c1f3
3320,w_da63cba
3321,w_19eb1b8
3322,w_49ae15d
3323,w_a01d903
3324,w_771d855
3325,w_0e0e856
3326,w_3621c49
3327,w_07e92ee
3328,w_a34c992
3329,w_7c44934
3330,w_dbd28fa
3331,w_d014794
3332,w_23d3b1c
3333,w_8936f42
3334,w_d76d3bb
3335,w_cece268
3336,w_a2f5cc0
3337,w_02bb4cf
3338,w_3fc0946
3339,w_13c6b6b
3340,w_c4923b6
3341,w_83b2cab
3342,w_f9a09c6
3343,w_b8fdb8e
3344,w_5f50b5e
3345,w_aa3d7b8
3346,w_1489751
3347,w_6fcceaf
3348,w_898eb3b
3349,w_a18c856
3350,w_38a3f72
3351,w_fb7a56b
3352,w_8a66718
3353,w_759b647
3354,w_bdd0576
3355,w_b0e6fbe
3356,w_b820615
3357,w_e27cf3f
3358,w_1aea445
3359,w_17964ef
3360,w_a89920b
3361,w_7377b2b
3362,w_2a18a44
3363,w_d9fdd15
3364,w_b3cc032
3365,w_7759db0
3366,w_e26c35f
3367,w_23d3818
3368,w_70e49bc
3369,w_e4971dc
3370,w_5ffa454
3371,w_7ae398c
3372,w_be20b46
3373,w_7419e4b
3374,w_436a924
3375,w_ead305f
3376,w_a3a65b3
3377,w_9615cf1
3378,w_44237e0
3379,w_76048fe
3380,w_c2a602a
3381,w_a7ac222
3382,w_c5333e2
3383,w_52c1af6
3384,w_95af6a2
3385,w_a3c6ed0
3386,w_04c1951
3387,w_75bac95
3388,w_57c14db
3389,w_bde9c34
3390,w_a74742c
3391,w_01f8a43
3392,w_ba2f2c4
3393,w_f76af37
3394,w_18df014
3395,w_d708c5a
3396,w_3ee8570
3397,w_0b18e41
3398,w_f2a7635
3399,w_7b3f9d1
3400,w_127f4c6
3401,w_5619521
3402,w_7214e98
3403,w_5f54bf3
3404,w_02e5407
3405,w_54c00ad
3406,w_ab67564
3407,w_98413c8
3408,w_ffcd98e
3409,w_816d462
3410,w_e98432b
3411,w_60cc444
3412,w_6ce20f3
3413,w_2b485a8
3414,w_6cb31c8
3415,w_551f5ca
3416,w_28cd742
3417,w_4ce0510
3418,w_19ca2c6
3419,w_9b098ea
3420,w_38efc2d
3421,w_d09e61a
3422,w_cc759cd
3423,w_aa7e5f4
3424,w_71f6bc5
3425,w_faa4239
3426,w_6d05f7f
3427,w_63d1ea6
3428,w_8697f5f
3429,w_d635930
3430,w_29f00ae
3431,w_1a9a38e
3432,w_29cf24b
3433,w_8cd7651
3434,w_7aaa569
3435,w_a5ab9d1
3436,w_153645e
3437,w_77e3e0f
3438,w_2dd15d3
3439,w_8a5ff14
3440,w_a646643
3441,w_1b224c1
3442,w_ff2c4a4
3443,w_a80620a
3444,w_aed8c22
3445,w_f5915b0
3446,w_2e42cc0
3447,w_1eff98a
3448,w_e64c9a6
3449,w_f460394
3450,w_c26666e
3451,w_cdda58e
3452,w_329e594
3453,w_b29214f
3454,w_0d85e59
3455,w_d59cb45
3456,w_f5eb6c6
3457,w_53dbf9d
3458,w_fa9c3d8
3459,w_223cebd
3460,w_0de84f0
3461,w_4408e45
3462,w_5dbe64d
3463,w_7179c98
3464,w_4ec7c66
3465,w_5aa4856
3466,w_7e253e1
3467,w_edf5f77
3468,w_49b425b
3469,w_cdc0a1c
3470,w_39b22d9
3471,w_dd52cfc
3472,w_fb8ca1e
3473,w_2466659
3474,w_2fdaa7f
3475,w_84fcae8
3476,w_f02bf23
3477,w_2687f1b
3478,w_9a6cbd9
3479,w_b8236d6
3480,w_20548a7
3481,w_964ce09
3482,w_f2b8caf
3483,w_1ec0481
3484,w_788b689
3485,w_901363f
3486,w_65efe4d
3487,w_a966a67
3488,w_27da7aa
3489,w_b329c00
3490,w_44f1d84
3491,w_efebfe8
3492,w_2168ae2
3493,w_69a9f72
3494,w_0f84bf6
3495,w_63d10a1
3496,w_bd65ef8
3497,w_ec91e99
3498,w_abe383e
3499,w_77607b5
3500,w_5b3f55f
3501,w_c887c63
3502,w_9c5ed68
3503,w_c06dd6e
3504,w_ac8329d
3505,w_0da589d
3506,w_55ce558
3507,w_9e4a26f
3508,w_d0932d8
3509,w_905d41b
3510,w_690fc6b
3511,w_31980d6
3512,w_974c0ea
3513,w_0c6d50d
3514,w_697c72e
3515,w_c8af414
3516,w_7351f46
3517,w_33909b8
3518,w_b9e00eb
3519,w_a18d0dc
3520,w_5c13154
3521,w_c280a12
3522,w_d2ab9c4
3523,w_a4678de
3524,w_d417748
3525,w_4072313
3526,w_1746c88
3527,w_43966a3
3528,w_f51b4bc
3529,w_7e9dc07
3530,w_02b775b
3531,w_3c2ec7a
3532,w_06a6351
3533,w_242a05d
3534,w_1904e8c
3535,w_edcb241
3536,w_44cccf6
3537,w_3449e4f
3538,w_01e1223
3539,w_e90c89f
3540,w_e0e133a
3541,w_ed8a846
3542,w_8f2fb79
3543,w_d8f848c
3544,w_09d654f
3545,w_aed1e43
3546,w_b282692
3547,w_b59c523
3548,w_1af5d59
3549,w_87c4190
3550,w_7f3a122
3551,w_395d578
3552,w_fcda065
3553,w_851a7f4
3554,w_97f5054
3555,w_e6d89c0
3556,w_94e071d
3557,w_9a2d56b
3558,w_f1b565a
3559,w_5be8e63
3560,w_116a51f
3561,w_0b04c08
3562,w_1a29ba5
3563,w_f0a4a2a
3564,w_4b87cba
3565,w_c5e13f8
3566,w_9f638d8
3567,w_11d8e5a
3568,w_5a29f9d
3569,w_3320e76
3570,w_a3abc56
3571,w_7437489
3572,w_a2b8172
3573,w_bc5f0f5
3574,w_6a16373
3575,w_9a1d8e7
3576,w_a14a253
3577,w_8bdc211
3578,w_ea96346
3579,w_bbd9409
3580,w_ad0d6ec
3581,w_046634b
3582,w_1772ed2
3583,w_3c7b2e6
3584,w_3ca387d
3585,w_214c09a
3586,w_e3f7187
3587,w_f69889f
3588,w_8a2e496
3589,w_a17d153
3590,w_9874f0d
3591,w_842623c
3592,w_fe6f08d
3593,w_3eaef21
3594,w_8861f65
3595,w_c915956
3596,w_c6f1bff
3597,w_4195fc3
3598,w_e62b5d8
3599,w_7cd711c
3600,w_8329cea
3601,w_099ab25
3602,w_22b09d0
3603,w_32475a1
3604,w_bf8c3d2
3605,w_dd66cf9
3606,w_5a2075e
3607,w_9d136ff
3608,w_66fb697
3609,w_c35b3ae
3610,w_7faebe3
3611,w_6ae7a93
3612,w_5b08542
3613,w_817f022
3614,w_123a47f
3615,w_52a081c
3616,w_157ba16
3617,w_de2c79f
3618,w_6be343c
3619,w_62aed54
3620,w_f8d2cd9
3621,w_2356a6d
3622,w_c551c9d
3623,w_48bcad8
3624,w_9b00e07
3625,w_c690728
3626,w_d6856ab
3627,w_718ce15
3628,w_2811cea
3629,w_02c9470
3630,w_0bfb109
3631,w_b588283
3632,w_c6372b8
3633,w_419d308
3634,w_fae3939
3635,w_9c383c8
3636,w_54b0844
3637,w_b890652
3638,w_218b25e
3639,w_bb37d93
3640,w_0ac9006
3641,w_fbb485b
3642,w_73e1d5b
3643,w_e94d02c
3644,w_e0e5c9e
3645,w_103488f
3646,w_10a366f
3647,w_fd1cb9d
3648,w_e3fbc27
3649,w_2be1c9c
3650,w_cbedcb0
3651,w_35f0fd9
3652,w_4b950da
3653,w_79f5620
3654,w_5fa315f
3655,w_1e31d24
3656,w_69e1d0a
3657,w_93b64e9
3658,w_19a5685
3659,w_a8494ea
3660,w_096bc48
3661,w_db7e2c5
3662,w_3c304db
3663,w_ccf547c
3664,w_a3868fb
3665,w_89c65ac
3666,w_b34793e
3667,w_08f1502
3668,w_ac69cf7
3669,w_aa15df6
3670,w_7763134
3671,w_309a2b3
3672,w_770eb84
3673,w_9496577
3674,w_9dab60c
3675,w_67de30b
3676,w_1ed4dde
3677,w_a3cd405
3678,w_dfd7ee8
3679,w_ca0ec7c
3680,w_4a074b8
3681,w_d36f58c
3682,w_206742f
3683,w_308bd26
3684,w_9136f33
3685,w_af890ad
3686,w_73bed18
3687,w_8327e8d
3688,w_8971f1d
3689,w_9e22ded
3690,w_a59075f
3691,w_c102acf
3692,w_16ea0b2
3693,w_da2efe0
3694,w_f96592f
3695,w_79071e8
3696,w_3d1c2ef
3697,w_81ff1c5
3698,w_fe922c3
3699,w_7914111
3700,w_24fda6e
3701,w_9989964
3702,w_680e011
3703,w_d8e752e
3704,w_0471bdf
3705,w_7276f4b
3706,w_06972d2
3707,w_e9ffbe9
3708,w_1274a11
3709,w_8b9672e
3710,w_efd3f81
3711,w_64befc3
3712,w_da0b8b5
3713,w_4a35b7b
3714,w_39776da
3715,w_a0fc1a7
3716,w_731e3aa
3717,w_61ffd2c
3718,w_4808f0a
3719,w_f03ca16
3720,w_212b985
3721,w_6a2c07f
3722,w_e6ddfe1
3723,w_38e4aae
3724,w_98b86d9
3725,w_7de72c5
3726,w_b70a0c4
3727,w_4a4546c
3728,w_d9f1ea6
3729,w_9cb2dba
3730,w_d0e5d1d
3731,w_d398969
3732,w_f12580c
3733,w_0265cb6
3734,w_c2474a2
3735,w_589b830
3736,w_cf25b86
3737,w_0324b97
3738,w_62c6a8c
3739,w_263e243
3740,w_5317c46
3741,w_130508d
3742,w_82ec5f0
3743,w_778ee6e
3744,w_715d152
3745,w_0c6dbbe
3746,w_a1114ee
3747,w_5c07f42
3748,w_b318111
3749,w_8244367
3750,w_d20befa
3751,w_ba56291
3752,w_8f593d4
3753,w_fe054f3
3754,w_95874a5
3755,w_91a96d8
3756,w_9e1e278
3757,w_fe8233d
3758,w_8f28757
3759,w_084d01c
3760,w_21745f8
3761,w_fd1a27f
3762,w_8740039
3763,w_f81c626
3764,w_5126776
3765,w_ed69e9c
3766,w_e41fd4f
3767,w_83accca
3768,w_b8ea509
3769,w_89ca343
3770,w_d053be5
3771,w_432b162
3772,w_c9111ac
3773,w_db3621e
3774,w_7554f44
3775,w_0793503
3776,w_f3b63ba
3777,w_6ba475f
3778,w_ef6e6a9
3779,w_4696a5a
3780,w_489e374
3781,w_479cb36
3782,w_ec27074
3783,w_4439f3d
3784,w_c63fdb6
3785,w_552a16e
3786,w_544d0c1
3787,w_22b8a16
3788,w_8a31e6c
3789,w_57e8a80
3790,w_46a4473
3791,w_6768b8c
3792,w_a524549
3793,w_8bc3f0a
3794,w_f0a2e40
3795,w_42cc88d
3796,w_0e40867
3797,w_f83b1f9
3798,w_ad6edbe
3799,w_d686541
3800,w_fb4d1f1
3801,w_654a5bb
3802,w_6a2328a
3803,w_fd6e8d2
3804,w_9ec358c
3805,w_4772747
3806,w_6598219
3807,w_9564830
3808,w_86ff8a6
3809,w_f5a2610
3810,w_72dfe51
3811,w_d1033fa
3812,w_1a2b4f2
3813,w_25ec80a
3814,w_cf00b01
3815,w_029013f
3816,w_adc6e1b
3817,w_0e81e60
3818,w_0378699
3819,w_ecbf9fa
3820,w_26bd720
3821,w_2cdf820
3822,w_379785d
3823,w_637f363
3824,w_43e45b6
3825,w_5bc5e63
3826,w_934736d
3827,w_6a6b3b3
3828,w_e126028
3829,w_a8da4a3
3830,w_9845f16
3831,w_8d88c82
3832,w_fe36b07
3833,w_ddf0c2c
3834,w_e39dcea
3835,w_84398be
3836,w_affc813
3837,w_147b62b
3838,w_af76f1e
3839,w_64433af
3840,w_86113c4
3841,w_7f81114
3842,w_7bdfc11
3843,w_773509f
3844,w_30dc5ce
3845,w_2018f6c
3846,w_ddad87e
3847,w_7e9e89f
3848,w_e8ca955
3849,w_988f6b3
3850,w_4cc3219
3851,w_3549f7a
3852,w_e613f12
3853,w_987a36f
3854,w_e7e6ef2
3855,w_6ddff9b
3856,w_2ffed9c
3857,w_717a293
3858,w_0013924
3859,w_91e06de
3860,w_b9d27c6
3861,w_d3ab153
3862,w_ff94ad6
3863,w_9b318aa
3864,w_d96c946
3865,w_9a4bd76
3866,w_235b156
3867,w_ea4935f
3868,w_4b04829
3869,w_aeaeeb5
3870,w_c4cafb8
3871,w_3d3c0f9
3872,w_7b4a658
3873,w_01d6ca0
3874,w_69e7dab
3875,w_0caa554
3876,w_fd3e88d
3877,w_d9055d1
3878,w_b7d5069
3879,w_b9df6da
3880,w_73c9ba2
3881,w_3aa1da4
3882,w_f802d74
3883,w_075aa6e
3884,w_a4d41b4
3885,w_076c122
3886,w_6f580eb
3887,w_5af7a9c
3888,w_88f693b
3889,w_86e5d8c
3890,w_80c4153
3891,w_0a2af22
3892,w_65e2424
3893,w_cfddb15
3894,w_52e7cf6
3895,w_338d945
3896,w_1eaebf2
3897,w_b6689cc
3898,w_dbd2cff
3899,w_0e4ef50
3900,w_6719a5b
3901,w_1854334
3902,w_1948625
3903,w_4b18498
3904,w_e73d83c
3905,w_e8ae8c1
3906,w_b9f5b8b
3907,w_e428015
3908,w_5bb7ae9
3909,w_776ba6e
3910,w_505a141
3911,w_a51b387
3912,w_fd218ba
3913,w_30cf2ca
3914,w_598b8ab
3915,w_f790728
3916,w_76c2a95
3917,w_5fda054
3918,w_d6a3892
3919,w_2d2de1d
3920,w_3cbccb7
3921,w_d0b237f
3922,w_449503f
3923,w_46ec664
3924,w_44a137d
3925,w_3d8c865
3926,w_1e9d5c7
3927,w_f6c23d5
3928,w_8e451d9
3929,w_9f718e8
3930,w_98baff9
3931,w_120927e
3932,w_65428d9
3933,w_6e742e5
3934,w_1a4f16e
3935,w_a048f26
3936,w_081dd6e
3937,w_61cf42e
3938,w_8fab53d
3939,w_e249d94
3940,w_8aab1d4
3941,w_6503ccd
3942,w_5fc0120
3943,w_00d8453
3944,w_ca8bfb4
3945,w_e3caa40
3946,w_7b1686d
3947,w_ba9bc6d
3948,w_94c6edb
3949,w_9562910
3950,w_aed023d
3951,w_7d19608
3952,w_302c025
3953,w_41ed8e8
3954,w_35c8057
3955,w_c663985
3956,w_1ecfe96
3957,w_6547e12
3958,w_ac851eb
3959,w_945aefe
3960,w_4b7b80b
3961,w_db5cc79
3962,w_552ec4e
3963,w_20848b7
3964,w_ff7630a
3965,w_6485cd4
3966,w_eec1133
3967,w_76387b4
3968,w_0d0ecfb
3969,w_e5ed2d6
3970,w_559ce61
3971,w_f68d0af
3972,w_7e8fb79
3973,w_414c24a
3974,w_7e48479
3975,w_c1b685f
3976,w_6affb63
3977,w_eadf1ec
3978,w_1b5989e
3979,w_7a336b4
3980,w_7c979d9
3981,w_21dfc18
3982,w_f2e9055
3983,w_032d44d
3984,w_af6c7e2
3985,w_0ba62fd
3986,w_6e42b8e
3987,w_8d08f9e
3988,w_ec02248
3989,w_877e56e
3990,w_8b15b96
3991,w_6460698
3992,w_24a2923
3993,w_76d5723
3994,w_97768ee
3995,w_ed32db9
3996,w_5b45503
3997,w_b2b74f0
3998,w_2196938
3999,w_64d8a6d
4000,w_22fa4ad
4001,w_3add848
4002,w_37dd956
4003,w_cd4b506
4004,w_ca1850d
4005,w_bdbec6c
4006,w_cf669dc
4007,w_72c15c4
4008,w_4f37147
4009,w_3b90f9b
4010,w_6751cb2
4011,w_a074c7e
4012,w_4494645
4013,w_ba302c8
4014,w_b5c9946
4015,w_7ab9a17
4016,w_53859b2
4017,w_54fc5b3
4018,w_41f0a7e
4019,w_1090920
4020,w_be9bf14
4021,w_ffbd74c
4022,w_430849b
4023,w_dd27188
4024,w_8e25bfa
4025,w_444a844
4026,w_56f9abb
4027,w_d6815ff
4028,w_5ad2030
4029,w_a0c378c
4030,w_0824736
4031,w_4981cba
4032,w_d314904
4033,w_1ddb63f
4034,w_7649712
4035,w_a7f3698
4036,w_1029f4e
4037,w_78999a6
4038,w_c8f7bcd
4039,w_5ee752a
4040,w_d6a9529
4041,w_3f365f3
4042,w_c6be61e
4043,w_6e20206
4044,w_6badfcf
4045,w_55d6c4f
4046,w_556df30
4047,w_ab6db0f
4048,w_4c4c001
4049,w_bb79fb8
4050,w_a1350a7
4051,w_fcdc898
4052,w_6f2ae72
4053,w_1e5a146
4054,w_03c84ef
4055,w_cc009e5
4056,w_960b6f0
4057,w_1d84278
4058,w_2725793
4059,w_c66638b
4060,w_823fcbb
4061,w_37374fa
4062,w_f21f2ec
4063,w_a22afc6
4064,w_ea9b531
4065,w_d2f7b3c
4066,w_f0b4252
4067,w_47d2bc6
4068,w_c98f439
4069,w_2fe43c7
4070,w_da6d50b
4071,w_0ebd514
4072,w_df309be
4073,w_5d4facb
4074,w_7f999ff
4075,w_29c286a
4076,w_c0287a9
4077,w_1875b28
4078,w_badfc4b
4079,w_85755f7
4080,w_0122d85
4081,w_1539fee
4082,w_6c42496
4083,w_0e10dbe
4084,w_1facad2
4085,w_ae07541
4086,w_19e5d10
4087,w_2af3059
4088,w_93e1b76
4089,w_7139016
4090,w_b04d4f1
4091,w_f4d89bb
4092,w_83714b7
4093,w_98d4838
4094,w_77d2aea
4095,w_25fdcfb
4096,w_27736a0
4097,w_e9ac2a8
4098,w_cbd271b
4099,w_53baa9b
4100,w_53ef628
4101,w_5deefd9
4102,w_80d95d6
4103,w_f4b95e7
4104,w_1addcc2
4105,w_648a9a8
4106,w_3023ee5
4107,w_ee9c4d7
4108,w_6092d5c
4109,w_458f0aa
4110,w_3fffc61
4111,w_1703ee5
4112,w_b074f5e
4113,w_e101deb
4114,w_6b851b1
4115,w_1fb42f1
4116,w_b69eb76
4117,w_5d335c3
4118,w_9448c34
4119,w_7db10cc
4120,w_662a132
4121,w_5292ff4
4122,w_d430a71
4123,w_03ed3de
4124,w_ea2385d
4125,w_ffa78a5
4126,w_ebff750
4127,w_8c2de31
4128,w_773967d
4129,w_7923fdc
4130,w_a1e017f
4131,w_7158e92
4132,w_4432150
4133,w_9412d1b
4134,w_931ade2
4135,w_d4fa6f3
4136,w_9378098
4137,w_ee24bac
4138,w_c124d29
4139,w_95f9670
4140,w_cd01afb
4141,w_7029235
4142,w_83a922d
4143,w_1cd9331
4144,w_8c605d2
4145,w_96c141f
4146,w_7b39dda
4147,w_0df2bde
4148,w_f30d2bd
4149,w_45b90d9
4150,w_91361f0
4151,w_eff7e35
4152,w_045d9fc
4153,w_24212f5
4154,w_3f12226
4155,w_0eb2886
4156,w_c20f21c
4157,w_ba17206
4158,w_63db6f9
4159,w_79b12d8
4160,w_cf82352
4161,w_1cca86d
4162,w_ab4bd59
4163,w_7b0fb1d
4164,w_8ab8687
4165,w_d8df4e5
4166,w_94f8d37
4167,w_06fd726
4168,w_fe4c603
4169,w_9a8684f
4170,w_060bdf2
4171,w_c9dc73e
4172,w_b99edea
4173,w_afef556
4174,w_05ecba5
4175,w_7caa4fe
4176,w_fd9264d
4177,w_9c61d57
4178,w_8a438a4
4179,w_b1a8107
4180,w_6549107
4181,w_109fd25
4182,w_6b03eb4
4183,w_b67bfeb
4184,w_d5ec83f
4185,w_c27d036
4186,w_8cc9b05
4187,w_7eb2c7c
4188,w_7bf3a5c
4189,w_9948a99
4190,w_7edcfa5
4191,w_78948b5
4192,w_f16e220
4193,w_b6a95e0
4194,w_d84ed05
4195,w_ed0c4cc
4196,w_c0a4c9d
4197,w_7394d75
4198,w_1add6ae
4199,w_36b6904
4200,w_705a70b
4201,w_b081817
4202,w_c0c1a30
4203,w_71764b4
4204,w_326e389
4205,w_4b33077
4206,w_b14007c
4207,w_4dfe7cb
4208,w_652e069
4209,w_16e3c6b
4210,w_7918071
4211,w_49bbc79
4212,w_361e290
4213,w_63131a3
4214,w_60eba40
4215,w_c068ed3
4216,w_1743d93
4217,w_2ce9f0c
4218,w_1e75406
4219,w_f3248b4
4220,w_028ca0d
4221,w_9694b9d
4222,w_7dee51b
4223,w_3e1a037
4224,w_6572bbe
4225,w_f663b5e
4226,w_b5dd5bc
4227,w_e7e1bd1
4228,w_9f27ca9
4229,w_fd6f24f
4230,w_898bb9a
4231,w_ec87420
4232,w_0dbfc31
4233,w_b96d4e0
4234,w_23cd105
4235,w_a190aff
4236,w_c2c4f43
4237,w_e0cb9c5
4238,w_0dee306
4239,w_414a0d7
4240,w_80fff4d
4241,w_96fd936
4242,w_82bab38
4243,w_9287bbb
4244,w_1632307
4245,w_0d2dc7e
4246,w_3dd1a87
4247,w_2957331
4248,w_b688397
4249,w_f6bca7a
4250,w_1beadba